zona;ra;local;escola;bairro;endereco;latitude;longitude;eleitores;n_secoes;governador_11;governador_13;governador_16;governador_28;governador_29;governador_30;governador_36;governador_40;governador_45;governador_55;governador_80;governador_branco;governador_nulo;governador_compareceram;presidente_13;presidente_14;presidente_16;presidente_21;presidente_22;presidente_27;presidente_28;presidente_29;presidente_30;presidente_35;presidente_55;presidente_70;presidente_80;presidente_branco;presidente_nulo;presidente_compareceram
1;Plano Piloto (Asa Sul);1015;ESCOLA CLASSE 102 SUL;ASA SUL;SQS 102 AREA ESPECIAL;-15,8033115;-47,8906466;2103;7;654;613;1;0;1;160;0;49;119;0;7;43;47;1694;685;45;1;0;791;0;0;0;6;0;81;44;4;16;22;1695
1;Plano Piloto (Asa Sul);1023;ESCOLA SALESIANA BRASÍLIA;ASA SUL;SHIGS 702 BLOCO C - ENTRADA PELA SEPS 702/902 SUL;-15,80002379;-47,8962682;2739;12;793;814;2;1;0;192;0;70;117;4;6;44;57;2100;928;57;2;1;908;0;0;0;14;1;96;40;3;18;33;2101
1;Plano Piloto (Asa Sul);1139;COLÉGIO ÚNICO 606 SUL;ASA SUL;SGAS 606 CONJUNTO F LOTES 40/44 - L2 SUL;-15,8197839;-47,89296954;2431;9;685;827;5;1;0;135;4;58;118;3;2;48;72;1958;1208;67;2;0;986;1;0;1;15;0;95;53;0;20;36;2484
1;Plano Piloto (Asa Sul);1163;CENTRO DE ENSINO FUNDAMENTAL 214 SUL;ASA SUL;SQS 214 AREA ESPECIAL;-15,8321191;-47,9179576;2175;7;772;590;2;3;1;140;0;46;123;5;3;58;42;1785;640;47;0;0;929;5;0;0;13;1;61;49;1;23;16;1785
1;Plano Piloto (Asa Sul);1198;ESCOLA CLASSE 305 SUL;ASA SUL;SQS 305 AREA ESPECIAL;-15,8082445;-47,8983773;1997;7;489;768;1;0;0;153;2;50;92;1;6;35;36;1633;831;35;2;0;623;0;0;0;14;0;70;22;4;15;17;1633
1;Plano Piloto (Asa Sul);1236;CENTRO EDUCACIONAL LA SALLE SGAS 906;ASA SUL;SGAS 906  CONJUNTO E LOTE 06;-15,807576;-47,9053932;3849;13;1094;1250;5;0;2;225;6;67;186;4;9;73;70;2991;1376;102;3;2;1249;1;0;1;20;1;120;67;6;21;22;2991
1;Plano Piloto (Asa Sul);1244;ESCOLA PARQUE 313/314 SUL;ASA SUL;EQS 313/314 AREA ESPECIAL;-15,8242489;-47,9208461;3193;10;1029;918;2;0;1;253;3;63;190;1;6;57;69;2592;1181;77;1;1;1375;1;0;3;16;0;136;49;4;17;26;2887
1;Plano Piloto (Asa Sul);1287;ESCOLA CLASSE 316 SUL;ASA SUL;SQS 316 AREA ESPECIAL;-15,8304984;-47,9271722;2523;9;815;697;0;1;1;208;0;50;165;3;7;51;62;2060;784;44;0;0;1003;1;0;0;9;0;131;48;3;16;21;2060
1;Plano Piloto (Asa Sul);1309;CENTRO DE ENSINO FUNDAMENTAL 405 SUL;ASA SUL;SQS 405 AREA ESPECIAL;-15,81612813;-47,89220997;2597;8;669;1120;5;0;1;116;2;63;118;4;4;34;60;2196;1199;58;3;1;737;0;0;1;15;0;84;52;3;19;24;2196
1;Plano Piloto (Asa Sul);1333;ESCOLA CLASSE 413 SUL;ASA SUL;SQS 413 AREA ESPECIAL;-15,8314228;-47,912907;1919;6;584;679;2;1;0;109;0;41;83;2;1;42;68;1612;854;41;1;1;725;4;0;0;19;0;52;29;0;20;36;1782
1;Plano Piloto (Asa Sul);1341;COLEGIO COR JESU SGAS 615;ASA SUL;SGAS 615  LOTE 110;-15,83792756;-47,9184189;3228;12;1023;950;6;2;2;219;3;44;158;6;9;94;93;2609;1060;75;1;0;1215;2;0;2;9;0;110;53;2;35;45;2609
1;Plano Piloto (Asa Sul);1376;CESAS - CEJA ASA SUL C.E.S.A.S. SGAS 602;ASA SUL;SGAS 602 PROJ D;-15,80953238;-47,88230771;3782;13;1071;1331;0;1;2;181;5;88;188;3;6;85;77;3038;1432;72;0;0;1199;1;0;0;32;0;160;77;5;32;28;3038
1;Plano Piloto (Asa Sul);1384;CEM SETOR LESTE SGAS 611/612;ASA SUL;SGAS 611/612 CONJUNTO E;-15,83124332;-47,90682202;4358;17;1274;1407;3;1;2;261;4;92;225;6;7;94;116;3492;1553;85;1;1;1500;2;1;3;16;1;157;81;8;28;56;3493
1;Plano Piloto (Asa Sul);1422;UDF SEPS 704/904;ASA SUL;SEPS 704/904 CONJUNTO A;-15,8021768;-47,8999065;4829;19;1501;1439;3;1;5;290;3;106;220;12;5;87;122;3794;1891;93;0;0;1811;1;0;4;22;1;168;82;6;39;56;4174
1;Plano Piloto (Asa Sul);1457;CEM ELEFANTE BRANCO SGAS 708/908;ASA SUL;SGAS 708/908 MÓDULOS 25/26 ÁREA ESPECIAL - ALA SUL;-15,80829505;-47,90938591;2582;11;760;834;1;0;4;128;0;58;138;10;5;68;55;2061;931;58;1;0;873;0;0;4;10;0;94;41;3;28;18;2061
1;Plano Piloto (Asa Sul);1899;COLEGIO MARISTA ENSINO MÉDIO SGAS 615;ASA SUL;SGAS 615 MÓDULO C (MARISTÃO);-15,83686153;-47,91680891;4728;19;1371;1517;5;1;2;321;6;100;219;5;10;116;122;3795;1652;113;3;1;1654;3;0;2;23;0;169;88;9;43;37;3797
1;Plano Piloto (Asa Sul);1902;COLEGIO MARISTA DE BRASILIA SGAS 609;ASA SUL;SGAS 609 MODULO A (MARISTINHA);-15,82534925;-47,90009597;3916;15;1175;1318;5;2;2;241;6;83;182;7;8;80;82;3191;1441;101;0;1;1346;2;0;3;19;0;119;75;8;30;46;3191
1;Plano Piloto (Asa Sul);1961;UPIS - UNIAO PIONEIRA DE INTEGRACAO SOCIAL SEPS 712/912;ASA SUL;SEPS 712/912 CONJUNTO A;-15,81534232;-47,91618129;3556;17;1160;1016;2;2;1;201;3;81;185;9;10;64;75;2809;1127;61;0;0;1321;1;0;0;15;0;143;76;7;21;37;2809
1;Plano Piloto (Asa Sul);2003;ESCOLA CLASSE 206 SUL;ASA SUL;SQS 206 AREA ESPECIAL;-15,81637576;-47,89644028;2205;8;618;778;0;0;0;151;0;47;111;4;7;42;50;1808;869;38;0;1;721;1;0;3;19;0;88;32;1;10;25;1808
1;Plano Piloto (Asa Sul);2020;ESCOLA CLASSE 209 SUL;ASA SUL;SQS 209  AREA ESPECIAL;-15,82186231;-47,9028777;2267;7;909;555;1;0;1;139;1;51;115;4;4;37;44;1861;624;40;0;0;1043;1;0;1;9;0;72;33;3;14;22;1862
1;Plano Piloto (Asa Sul);2046;ESCOLA CLASSE 416 SUL;ASA SUL;SQS 416 AREA ESPECIAL;-15,8376833;-47,9220105;2308;8;645;802;0;1;5;134;2;54;107;5;13;58;73;1899;882;43;1;2;770;0;0;3;7;0;85;38;8;23;37;1899
1;Plano Piloto (Asa Sul);2097;CENTRO DE ENSINO FUNDAMENTAL 03 DE BRASILIA SQS 103;ASA SUL;SQS 103 AREA ESPECIAL;-15,8057428;-47,8916713;1535;5;401;561;0;1;2;82;2;30;85;1;5;25;42;1237;733;45;1;0;499;2;0;1;8;0;63;56;6;9;19;1442
1;Plano Piloto (Asa Sul);2100;CENTRO DE ENSINO FUNDAMENTAL 01 DE BRASILIA SQS 106;ASA SUL;SQS 106 AREA ESPECIAL;-15,8128018;-47,8977799;2152;7;579;781;1;0;1;120;0;50;94;4;2;49;49;1730;1064;50;0;0;727;2;0;1;13;0;72;44;3;18;23;2017
1;Plano Piloto (Asa Sul);2143;CENTRO DE ENSINO FUNDAMENTAL 05 DE BRASILIA SQS 408;ASA SUL;SQS 408 AREA ESPECIAL;-15,823245;-47,8997368;2271;7;614;864;4;0;2;134;1;51;92;0;4;57;56;1879;930;49;1;3;712;0;0;2;9;0;86;42;1;20;24;1879
1;Plano Piloto (Asa Sul);2151;UNIP - UNIVERSIDADE PAULISTA SGAS 913;ASA SUL;SGAS 913 S/N CONJUNTO B;-15,81928852;-47,92169139;4217;18;1237;1271;2;0;1;264;1;86;220;4;9;106;113;3314;1415;100;1;0;1448;3;0;0;22;1;170;73;4;27;51;3315
1;Plano Piloto (Asa Sul);2208;CIL - CENTRO INTERESCOLAR DE LÍNGUAS SGAS 907/908;ASA SUL;SGAS 907/908 MÓDULOS 25/26 - ASA SUL - JUNTO AO CEM ELEF BRANCO;-15,807797;-47,9092152;2737;10;704;954;1;1;1;146;1;48;145;2;4;57;64;2128;1029;58;2;0;831;1;0;3;7;0;103;45;3;20;26;2128
2;Paranoá;1015;ESCOLA CLASSE 01 DO PARANOA;PARANOÁ;QD 26 CJ G LT 01 - AREA ESPECIAL;-15,7645633;-47,77852;5335;16;1899;1215;1;1;1;136;2;90;455;20;17;167;248;4252;1540;90;1;1;2160;1;0;1;4;3;185;114;6;69;77;4252
2;Paranoá;1023;ESCOLA CLASSE 02 DO PARANOA;PARANOÁ;QD 30 CJ E LT 17;-15,7640383;-47,7783533;4529;13;1539;1111;4;3;0;92;2;73;396;17;7;148;224;3616;1352;73;3;0;1725;1;1;0;6;1;196;91;4;61;102;3616
2;Paranoá;1228;ESCOLA CLASSE 03 DO PARANOA;PARANOÁ;QUADRA 17 CONJ. C LOTE 08;-15,7729417;-47,7808233;4384;12;1457;1097;1;0;3;102;0;57;397;28;5;137;201;3485;1347;69;0;2;1645;2;0;0;2;0;182;81;0;60;95;3485
2;Paranoá;1236;ESCOLA CLASSE 04 DO PARANOA;PARANOÁ;QD 14 CJ F LT 01;-15,7729983;-47,7767967;4360;14;1516;1069;4;0;0;97;2;69;431;21;5;180;208;3602;1320;78;0;1;1729;1;1;0;6;1;192;113;2;69;89;3602
2;Paranoá;1252;CAIC SANTA PAULINA;PARANOÁ;QUADRA 05 AREA ESPECIAL 01;-15,778065;-47,78422;3249;9;987;809;1;4;0;68;4;44;266;9;3;109;169;2473;987;63;2;0;1128;5;0;0;3;1;103;67;5;40;70;2474
2;Paranoá;1317;ESCOLA CLASSE ALTO INTERLAGOS;PARANOÁ;CHÁCARA INTERLAGOS, N 10A, ALTIPLANO LESTE;-15,8266517;-47,7462317;778;3;278;234;0;0;0;35;0;13;37;7;2;21;20;647;281;21;1;0;271;1;0;0;0;0;33;14;0;14;11;647
2;Paranoá;1333;CENTRO DE ENSINO MÉDIO 01 DO PARANOA;PARANOÁ;QUADRA 4 CONJ. A LOTE 05 - PARANOA;-15,7821839;-47,7788924;4942;13;1546;1249;6;2;2;151;1;85;447;10;19;223;132;3873;1421;152;2;1;1922;3;0;1;7;1;109;142;7;58;47;3873
2;Paranoá;1341;CENTRO DE ENSINO FUNDAMENTAL 02 DO PARANOA;PARANOÁ;QUADRA 04 CONJ. A LOTE 05;-15,781865;-47,779035;4289;12;1379;1015;4;1;0;93;3;58;294;14;11;190;145;3207;1249;94;3;0;1575;0;1;0;10;1;120;65;5;50;34;3207
2;Paranoá;1350;CENTRO EDUCACIONAL DARCY RIBEIRO;PARANOÁ;QUADRA 31 CJ. F  AREA ESPECIAL;-15,7624417;-47,7832917;4942;13;1681;1105;3;3;4;116;2;88;421;23;6;220;192;3864;1364;106;3;2;1982;5;0;2;7;0;151;106;3;66;67;3864
2;Paranoá;1368;ESCOLA CLASSE 05 DO PARANOA;PARANOÁ;QUADRA 24 CJ. I AREA ESPECIAL;-15,7667946;-47,7769452;2468;10;933;545;3;1;1;93;0;47;264;11;4;100;98;2100;769;45;0;1;1142;0;0;0;2;1;118;69;2;40;39;2228
2;Paranoá;1430;CENTRO EDUCACIONAL 03 DO PARANOA (ANTIGO CEF 1);PARANOÁ;QUADRA 03 AREA ESPECIAL 06;-15,7788117;-47,7827683;4770;13;1496;1094;5;0;2;91;2;65;359;13;9;192;174;3502;1317;107;1;0;1720;2;0;0;9;0;110;101;6;59;71;3503
2;Paranoá;1449;CENTRO DE ENSINO FUNDAMENTAL 01 DO VARJAO;VARJÃO;QD. 07, CJ. D, LT. 02, ÁREA ESPECIAL, VARJÃO;-15,70936;-47,8782383;4952;14;1729;1124;5;0;1;75;4;70;431;15;12;148;200;3814;1573;98;2;0;1845;2;0;1;0;0;147;88;7;53;77;3893
2;Paranoá;1465;CENTRO DE ENSINO FUNDAMENTAL 01 DO LAGO NORTE;LAGO NORTE;SHIN QI 04/06 AE LAGO NORTE;-15,7337287;-47,8728742;5958;16;1792;1817;9;2;3;385;2;120;362;10;13;133;125;4773;2017;110;8;4;2147;2;1;6;33;2;238;95;8;55;47;4773
2;Paranoá;1473;ESCOLA CLASSE GRANJA DO TORTO;GRANJA DO TORTO;AE S/N GRANJA DO TORTO;-15,7052368;-47,9116468;2285;6;869;553;5;10;1;74;1;30;117;8;3;66;90;1827;632;55;1;1;928;1;0;1;2;0;81;49;1;28;47;1827
2;Paranoá;1481;COLEGIO COC LAGO NORTE;LAGO NORTE;SHIN QL 9/11- AE S/N  LOTE B;-15,7460917;-47,8414167;7071;19;2262;2211;5;0;3;463;3;185;463;5;14;142;141;5897;2476;170;3;3;2640;1;0;2;43;2;301;152;4;47;53;5897
2;Paranoá;1490;COLEGIO INDI BIBIA;LAGO NORTE;SHIN QI 3 CONJUNTO D A.E;-15,7299096;-47,8625559;4074;11;1203;1411;5;1;0;248;0;90;222;8;15;76;83;3362;1554;90;3;2;1370;0;0;0;28;1;168;92;5;20;29;3362
2;Paranoá;1511;CENTRO EDUCACIONAL DO LAGO NORTE;LAGO NORTE;SHIN CA 02 LOTE 24 LAGO NORTE;-15,7182242;-47,8795474;4371;12;1373;1306;2;0;2;178;4;88;323;15;10;106;118;3525;1512;87;1;0;1557;2;0;3;17;2;169;97;4;28;46;3525
2;Paranoá;1538;COLÉGIO DO SOL;LAGO NORTE;CA 06 LOTE A;-15,7148973;-47,8818407;6027;17;1947;1766;4;3;3;334;1;124;415;9;9;137;153;4905;2150;155;3;0;2249;3;0;3;32;2;238;132;8;45;63;5083
2;Paranoá;1546;ESCOLA CLASSE CORA CORALINA;ITAPOÃ;COND. ENTRELAGOS, ROD. DF 250, KM 02;-15,7289587;-47,7500226;2480;7;942;671;0;1;0;104;0;32;161;2;5;61;65;2044;740;50;1;0;1077;0;0;0;11;0;62;55;6;19;24;2045
2;Paranoá;1562;CENTRO SOCIAL JOÃO PAULO II;PARANOÁ;QUADRA 03 ÁREA ESPECIAL LOTE 01;-15,7808989;-47,7840392;1631;7;602;405;1;0;0;50;1;25;157;6;0;47;68;1362;528;27;0;0;655;1;0;1;4;0;68;34;0;20;24;1362
2;Paranoá;1597;ESCOLA CLASSE 01 DO ITAPOÃ;ITAPOÃ;DEL LAGO QUADRA 61 CONJUNTO E ÁREA ESPECIAL;-15,7452417;-47,7695833;5606;14;1860;1236;6;2;0;140;2;80;444;27;13;195;228;4233;1563;92;2;3;2106;4;0;0;9;2;160;129;5;53;105;4233
2;Paranoá;1600;ESCOLA CLASSE 02 DO ITAPOÃ;ITAPOÃ;DEL LAGO QD. 378 CONJ. L ÁREA ESPECIAL;-15,7392667;-47,7636367;5105;14;1695;1187;3;0;1;87;4;59;363;27;9;193;216;3844;1501;89;2;2;1855;0;0;1;4;1;147;83;2;80;77;3844
2;Paranoá;1619;CENTRO DE ENSINO FUNDAMENTAL DRA. ZILDA ARNS;ITAPOÃ;QUADRA 378, CONJUNTO N, ÁREA ESPECIAL, NÚMERO 2;-15,7394724;-47,7634769;7164;18;2345;1539;0;1;0;137;3;98;524;32;11;267;304;5261;1944;138;1;0;2650;1;0;0;7;2;184;141;5;91;97;5261
2;Paranoá;1627;ESCOLA CLASSE SOBRADINHO DOS MELOS;ITAPOÃ;DF 250 - VIA LAGO NORTE - KM 07 - NR;-15,7972067;-47,6939583;518;2;189;146;0;0;0;10;0;9;29;4;0;11;26;424;176;8;0;0;194;0;0;0;1;0;15;11;0;7;12;424
2;Paranoá;1635;ESCOLA CLASSE OLHOS D'ÁGUA;TAQUARI;BR-020, CH OLHOS DAGUA 22, TAQUARI;-15,6940583;-47,86432;499;2;185;135;1;0;1;18;0;7;24;1;4;19;15;410;158;14;0;0;203;0;0;1;2;0;9;13;1;6;3;410
2;Paranoá;1660;COLÉGIO BARÃO DO RIO BRANCO;ITAPOÃ;DF 250, KM 2,5, CHÁCARA 03, ITAPOÃ;-15,755;-47,76794;2275;6;736;641;4;1;0;46;1;37;166;15;10;80;64;1801;761;82;1;0;802;1;0;1;4;1;62;34;4;30;18;1801
2;Paranoá;1678;ESCOLA CLASSE 06 DO PARANOA;PARANOÁ;QUADRA 33, ÁREA ESPECIAL, MÓDULO G;-15,7580158;-47,7837674;2166;8;713;518;2;1;1;49;1;30;173;10;3;71;77;1649;690;46;2;0;836;0;0;0;5;0;64;48;3;25;35;1754
2;Paranoá;1694;ESCOLA CLASSE 502 DO ITAPOÃ;ITAPOÃ;QUADRA 502 ITAPOÃ PARQUE;-15,7328339;-47,7802985;1550;5;545;507;3;1;1;33;0;36;139;0;4;64;54;1387;620;62;0;0;538;2;0;0;2;0;68;41;3;31;20;1387
2;Paranoá;1716;UNIVERSIDADE DO DISTRITO FEDERAL PROFESSOR JORGE AMAURY MAIA NUNES;LAGO NORTE;SHIN CA 2 - LAGO NORTE;-15,7193883;-47,8804167;2719;8;860;914;3;1;2;167;0;46;182;5;11;60;51;2302;1011;70;3;0;988;1;0;2;18;0;95;64;3;22;25;2302
2;Paranoá;1724;CEP - ESCOLA TÉCNICA LESTE SÉRGIO DAMACENO;PARANOÁ;QUADRA 01 CONJUNTO A/AE 01 PARANOÁ;-15,7803328;-47,7846344;3908;12;1367;978;5;1;0;109;1;57;306;17;8;128;151;3128;1160;73;1;1;1554;3;0;0;3;0;115;103;3;44;68;3128
2;Paranoá;1732;CENTRO EDUCACIONAL SANTA CARMEN SALLES;PARANOÁ;QD 2/3 CONJ. COMERCIAL 01 PARANOÁ PARQUE;-15,7690047;-47,7848077;4871;13;1576;1066;5;0;1;105;1;56;381;27;9;197;204;3628;1335;113;1;1;1768;2;0;0;4;0;139;113;2;72;78;3628
3;Taguatinga;1333;CENTRO DE ENSINO MÉDIO 05;TAGUATINGA NORTE;QNJ 56 AREA ESPECIAL N. 16;-15,81464244;-48,087799;6852;20;2655;1821;3;0;0;187;3;140;423;27;10;210;249;5728;2040;187;4;0;2921;3;0;2;12;1;223;133;6;91;105;5728
3;Taguatinga;1341;CENTRO DE ENSINO ESPECIAL 01;TAGUATINGA NORTE;QNJ 20 AE 12;-15,81683582;-48,08506399;2315;17;851;629;3;0;1;50;1;47;154;10;6;79;91;1922;696;51;0;0;955;0;0;0;6;0;91;47;6;35;35;1922
3;Taguatinga;1350;ESCOLA CLASSE 29;TAGUATINGA NORTE;QNJ 18 AREA ESPECIAL N 10;-15,81478885;-48,08567877;1974;8;741;542;0;0;0;37;2;21;132;6;1;70;65;1617;600;42;1;1;787;1;0;0;2;0;75;52;2;28;26;1617
3;Taguatinga;1376;CENTRO EDUCACIONAL 06;TAGUATINGA NORTE;QNL 1 AREA ESPECIAL N.1;-15,83096519;-48,07879063;4654;20;1865;1172;3;0;2;147;4;81;294;30;7;135;161;3901;1352;76;2;0;2072;1;0;2;10;1;163;105;6;50;62;3902
3;Taguatinga;1384;CENTRO DE ENSINO FUNDAMENTAL 04;TAGUATINGA NORTE;EQNL 05/07 AREA ESPECIAL;-15,82280762;-48,0831258;4500;14;1753;1195;3;0;1;148;2;79;305;18;9;135;144;3792;1307;94;1;0;1989;0;0;1;8;1;164;104;2;54;67;3792
3;Taguatinga;1392;CENTRO DE ENSINO FUNDAMENTAL 19;TAGUATINGA NORTE;EQNL 10/12 AREA ESPECIAL 01;-15,8206013;-48,07932305;3962;14;1549;1023;0;3;3;137;4;58;236;15;9;138;140;3315;1154;82;2;2;1698;1;1;1;11;0;178;72;3;51;59;3315
3;Taguatinga;1406;ESCOLA CLASSE 41;TAGUATINGA NORTE;EQNL 13/15 AREA ESPECIAL 01;-15,8245379;-48,0873923;4481;17;1791;1094;2;1;0;131;3;68;307;20;7;135;163;3722;1277;78;1;2;1965;1;0;0;9;0;176;95;4;48;66;3722
3;Taguatinga;1414;ESCOLA CLASSE 46;TAGUATINGA NORTE;EQNL 21/23 AREA ESPECIAL 01;-15,81410394;-48,09093747;2175;11;843;513;3;0;0;62;1;26;147;12;3;63;64;1737;569;43;0;1;951;0;0;0;5;1;77;34;0;25;31;1737
3;Taguatinga;1422;CENTRO DE ENSINO FUNDAMENTAL 16;TAGUATINGA NORTE;QNL 22  AE 24;-15,8249228;-48,0907965;2946;10;1231;502;2;2;0;70;1;64;196;20;4;102;120;2314;667;49;1;0;1328;1;0;0;3;0;128;52;2;34;49;2314
3;Taguatinga;1430;ESCOLA CLASSE 55;TAGUATINGA NORTE;QNL 28 AREA ESPECIAL 27;-15,8158335;-48,09445;2827;10;1106;604;1;0;0;55;1;99;210;14;6;92;140;2328;758;47;1;0;1245;2;0;0;4;0;113;52;4;40;62;2328
3;Taguatinga;1449;ESCOLA CLASSE 42;TAGUATINGA NORTE;EQNM 34/36 AREA ESPECIAL 01;-15,8078723;-48,09557262;3679;17;1528;808;0;0;1;89;4;54;289;23;6;107;161;3070;984;32;1;0;1676;2;0;0;6;1;195;57;3;39;74;3070
3;Taguatinga;1457;CEMI TAGUATINGA - CENTRO DE ENSINO MÉDIO INTEGRADO (ANTIGO CED 07);TAGUATINGA NORTE;EQNM 36/38 AREA ESPECIAL;-15,80464201;-48,10020108;5512;15;2216;1313;3;0;1;153;0;81;347;41;10;185;220;4570;1519;123;2;6;2441;1;0;1;3;0;225;86;3;58;102;4570
3;Taguatinga;1465;CENTRO DE ENSINO FUNDAMENTAL 17;TAGUATINGA NORTE;EQNM 38/40 LOTE A;-15,79641611;-48,10255952;4465;13;1780;1057;1;1;2;106;9;67;309;16;6;138;178;3670;1192;97;1;2;1986;1;0;0;7;1;164;92;4;46;77;3670
3;Taguatinga;1473;ESCOLA CLASSE 45;TAGUATINGA NORTE;EQNM 40/42  AREA ESPECIAL S/N;-15,79459442;-48,10754132;4424;16;1804;974;4;1;2;94;1;68;312;23;11;166;189;3649;1131;61;1;1;2003;2;1;1;9;2;200;84;7;54;92;3649
3;Taguatinga;1520;ESCOLA CLASSE 53;TAGUATINGA NORTE;QNL 16  VIA 02 LOTE 1;-15,831296;-48,0884613;2966;9;1164;628;0;7;1;51;0;40;193;18;6;130;130;2368;760;54;1;0;1280;1;0;0;5;1;119;56;2;40;49;2368
3;Taguatinga;1570;ESCOLA CLASSE 50;TAGUATINGA NORTE;EQNL 02/04 AREA ESPECIAL;-15,83140827;-48,07530453;3481;11;1252;959;2;0;3;127;2;70;195;8;8;152;116;2894;1115;103;1;1;1427;1;0;0;9;1;141;83;2;55;50;2989
3;Taguatinga;1635;CENTRO DE EDUCAÇÃO INFANTIL 05;TAGUATINGA NORTE;EQNJ 23/25 AREA ESPECIAL;-15,81535354;-48,08171185;1730;5;719;439;0;0;1;47;2;31;92;5;6;56;51;1449;512;36;1;0;749;0;0;0;3;0;74;31;4;17;22;1449
3;Taguatinga;1643;CENTRO DE EDUCAÇÃO INFANTIL 03;TAGUATINGA NORTE;QNM 36 CONJUNTO B-2 LOTE 60 - VILA MUTIRAO;-15,80690199;-48,09789321;2978;9;1070;647;3;0;1;70;4;31;209;9;8;127;113;2292;767;71;4;0;1202;1;0;0;4;1;106;57;4;35;40;2292
3;Taguatinga;1651;ESCOLA CLASSE 52;TAGUATINGA NORTE;QNM 38 AREA ESPECIAL;-15,80077136;-48,10210008;1286;4;520;321;0;0;0;26;2;8;73;6;1;46;60;1063;400;24;0;0;571;0;0;0;0;0;51;25;2;9;32;1114
3;Taguatinga;1660;CENTRO DE EDUCAÇÃO INFANTIL 06;TAGUATINGA NORTE;EQNL 17/19 AREA ESPECIAL;-15,8193917;-48,0891348;2470;8;928;623;0;1;0;65;2;33;143;16;5;94;108;2018;703;79;1;0;997;0;0;0;3;1;91;64;4;32;43;2018
4;Santa Maria;1139;ESCOLA CLASSE 116 DE SANTA MARIA;SANTA MARIA;CL 116 LOTE 1-M;-16,00260753;-47,99408318;5880;15;2203;1356;3;0;5;144;5;95;386;44;11;243;249;4744;1618;97;0;1;2419;1;0;1;6;1;294;131;3;74;98;4744
4;Santa Maria;1147;ESCOLA CLASSE 203;SANTA MARIA;Q.203 AREA ESPECIAL;-16,03712861;-48,03323289;6021;18;2136;1409;5;0;2;126;3;87;477;33;13;278;253;4822;1759;89;1;2;2345;0;0;0;7;1;308;93;6;95;116;4822
4;Santa Maria;1163;CENTRO DE ENSINO MEDIO 417 DE SANTA MARIA;SANTA MARIA;QR 417 LOTE A;-16,01163799;-47,99051126;6068;16;2091;1417;4;1;3;153;1;120;402;32;18;307;240;4789;1671;174;5;1;2350;0;0;1;7;1;279;122;7;77;94;4789
4;Santa Maria;1180;CENTRO DE ENSINO FUNDAMENTAL 308 DE SANTA MARIA;SANTA MARIA;CL 308 LOTE 1-B;-16,02691455;-48,02230105;6324;19;2219;1489;10;3;0;143;3;109;439;48;6;260;261;4990;1875;81;1;1;2424;0;0;1;7;0;326;104;4;70;96;4990
4;Santa Maria;1252;ESCOLA CLASSE 206 DE SANTA MARIA;SANTA MARIA;CL 206 LOTE 1-C;-16,02618943;-48,03004132;5454;17;1945;1183;7;0;0;132;2;97;378;37;4;265;244;4294;1530;108;0;1;2104;4;0;1;8;1;282;98;3;72;82;4294
4;Santa Maria;1457;CENTRO DE ENSINO FUNDAMENTAL SANTOS DUMONT;RESIDENCIAL SANTOS DUMONT;AVENIDA S/N - RESIDENCIAL SANTOS DUMONT- SANTA MARIA;-15,99356493;-47,99762716;6614;18;2837;1443;5;5;0;217;8;92;363;21;14;190;203;5398;1591;139;3;0;3142;0;0;1;16;0;235;125;11;65;70;5398
4;Santa Maria;1490;CENTRO DE ENSINO FUNDAMENTAL 201 DE SANTA MARIA;SANTA MARIA;CL 201 LOTE 1 A;-16,04439696;-48,03321465;4216;13;1448;915;0;1;0;97;2;92;274;18;6;234;181;3268;1161;75;3;1;1629;0;0;0;5;1;188;82;3;74;75;3297
4;Santa Maria;1503;CENTRO DE ENSINO MEDIO 404 DE SANTA MARIA;SANTA MARIA;CL 404 LOTE A;-16,03388345;-48,0265995;5761;15;1999;1330;7;1;0;162;1;105;437;44;4;251;295;4636;1610;124;0;1;2328;1;0;1;4;1;283;107;0;75;101;4636
4;Santa Maria;1511;CENTRO DE ENSINO FUNDAMENTAL 213 DE SANTA MARIA;SANTA MARIA;CL 213 LOTE 01 - G;-16,00848035;-48,00310876;5710;15;2117;1228;4;1;2;149;0;103;349;31;6;267;243;4500;1514;92;2;1;2357;3;0;0;6;0;265;105;7;71;77;4500
4;Santa Maria;1520;ESCOLA CLASSE 218 DE SANTA MARIA;SANTA MARIA;CL 218 LOTE 01 F;-16,0071463;-47,98737424;5476;14;2077;1197;7;5;2;155;3;123;333;35;6;267;233;4443;1483;87;0;0;2329;3;0;0;8;1;254;100;1;85;92;4443
4;Santa Maria;1554;CENTRO DE ENSINO FUNDAMENTAL 209 DE SANTA MARIA;SANTA MARIA;CL 209 LOTE 1-A;-16,02206862;-48,02406911;4270;12;1552;902;2;4;0;88;3;76;315;26;6;200;162;3336;1111;59;2;2;1721;0;0;0;4;0;218;93;3;55;68;3336
4;Santa Maria;1562;CENTRO DE ENSINO FUNDAMENTAL 316 DE SANTA MARIA;SANTA MARIA;CL 316 LOTE 1-A;-16,01105132;-47,99476223;5579;17;2149;1242;5;5;5;114;1;87;377;24;5;256;255;4525;1553;98;1;0;2337;2;0;1;2;3;303;92;3;70;93;4558
4;Santa Maria;1570;ESCOLA CLASSE  215 DE SANTA MARIA;SANTA MARIA;CL 215 LOTE A;-16,00668914;-47,99949524;4408;12;1715;940;2;2;1;127;1;66;267;23;6;187;178;3515;1147;88;2;0;1862;0;0;0;6;2;190;91;2;61;64;3515
4;Santa Maria;1589;CENTRO DE ENSINO FUNDAMENTAL 103 DE SANTA MARIA;SANTA MARIA;CL 103 LOTE 1-B;-16,03726627;-48,03721253;4189;11;1489;906;1;1;0;88;0;51;262;16;8;183;167;3172;1117;83;0;1;1583;0;0;0;0;0;179;79;5;57;68;3172
4;Santa Maria;1597;CENTRO DE ENSINO GESNER TEIXEIRA;CIDADE NOVA;RUA DAS ADALIAS LOTES 2/6 - DVO - CIDADE NOVA;-16,04869438;-48,04732832;1835;6;706;371;0;0;0;32;0;24;126;7;5;98;91;1460;489;37;0;0;766;1;0;0;2;0;77;14;3;35;36;1460
4;Santa Maria;1619;CENTRO DE ENSINO FUNDAMENTAL 418 DE SANTA MARIA;SANTA MARIA;E/Q 417/418 - 517/518 - LOTE 01;-16,01401109;-47,98610176;3134;10;1148;695;1;1;0;68;2;79;221;34;2;144;133;2528;890;43;0;0;1271;2;0;0;1;0;187;67;5;43;64;2573
4;Santa Maria;1627;CENTRO DE ENSINO FUNDAMENTAL 403 DE SANTA MARIA;SANTA MARIA;CL 403 - LOTE 1-A;-16,03781476;-48,02642749;5291;15;1716;1313;7;0;0;121;1;104;410;44;11;272;237;4236;1603;93;3;0;1985;4;0;0;5;0;254;118;4;82;85;4236
4;Santa Maria;1635;ESCOLA CLASSE 100 DE SANTA MARIA;SANTA MARIA;QR 100 - CONJUNTO T - AREA ESPECIAL 01;-16,04252145;-48,03871013;2967;12;1031;676;3;1;1;75;2;62;233;27;3;165;136;2415;911;39;1;0;1214;0;0;0;0;0;162;56;4;53;45;2485
4;Santa Maria;1651;ESCOLA CLASSE 01 - PORTO RICO;SANTA MARIA;QUADRA 17 - LOTE 14-C - 3 ETAPA - CONDOMINIO PORTO RICO;-16,0350012;-48,01796568;3352;10;1021;750;4;1;1;81;2;64;210;37;4;195;174;2544;1029;62;2;0;1137;1;0;0;2;1;139;56;0;48;67;2544
4;Santa Maria;1660;CENTRO EDUCACIONAL 310 DE SANTA MARIA;SANTA MARIA;CL 310 - CONJ H - AREA ESPECIAL;-16,02328951;-48,01642499;4599;15;1702;1077;4;2;0;107;1;81;332;26;9;192;198;3731;1334;89;3;0;1880;2;0;1;10;0;222;95;5;57;87;3785
4;Santa Maria;1678;UNIDADE DE INTERNAÇÃO DE SANTA MARIA - UISM;SANTA MARIA;NÚCLEO RURAL ALAGADOS, RA 8;-16,01592288;-48,02323747;76;1;39;24;0;0;0;0;0;0;1;1;0;2;4;71;47;0;0;0;20;0;0;0;0;0;2;0;0;1;2;72
4;Santa Maria;1686;CENTRO EDUCACIONAL 416 DE SANTA MARIA;SANTA MARIA;EQ 416/516 LT A - SANTA MARIA;-16,01619824;-47,99331311;3347;10;1181;763;4;2;0;76;1;61;213;20;7;180;147;2655;927;97;1;0;1370;3;0;0;6;0;167;57;4;51;54;2737
4;Santa Maria;1694;COLÉGIO PALOMA;SANTA MARIA;QR 307, CONJUNTO V, LOTE 02;-16,02664514;-48,02577335;953;3;339;224;0;1;0;19;1;14;68;4;2;48;30;750;278;30;0;0;362;0;0;0;2;0;35;11;2;16;14;750
5;Sobradinho;1023;CENTRO DE ENSINO FUNDAMENTAL 01;SOBRADINHO;QUADRA 02 C/D LOTE F;-15,6577075;-47,7929366;3552;11;1280;1022;3;4;1;119;2;72;211;16;9;81;112;2932;1170;80;4;0;1400;2;0;1;13;0;119;63;9;33;53;2947
5;Sobradinho;1058;ESCOLA CLASSE 15;SOBRADINHO;QUADRA 3 AREA ESPECIAL 1/2;-15,6523248;-47,8088442;5502;19;2044;1596;2;3;0;138;2;78;324;21;18;145;190;4561;1809;89;5;0;2177;4;0;2;9;0;226;102;5;50;89;4567
5;Sobradinho;1066;CENTRO DE ENSINO MEDIO 01 - GINÁSIO;SOBRADINHO;QUADRA 04 AREA ESPECIAL 4;-15,653202;-47,7988157;7035;22;2541;2013;8;9;3;227;2;139;418;18;26;206;218;5828;2312;182;6;3;2772;1;1;1;14;0;222;169;10;85;81;5859
5;Sobradinho;1074;CENTRO EDUCACIONAL 03 - CCM;SOBRADINHO;QUADRA 5 AREA ESPECIAL 5;-15,649807;-47,8121445;6613;19;2425;1757;6;2;1;177;2;109;454;18;9;230;183;5373;1986;165;5;1;2668;4;0;0;8;1;252;140;9;63;74;5376
5;Sobradinho;1082;CENTRO DE ENSINO FUNDAMENTAL 03;SOBRADINHO;QUADRA 6 AREA ESPECIAL 3;-15,6509245;-47,7994102;4838;13;1816;1195;7;1;1;143;1;69;271;21;17;130;159;3831;1352;113;1;0;1978;2;0;0;8;1;190;86;4;45;58;3838
5;Sobradinho;1104;ESCOLA CLASSE 05;SOBRADINHO;QUADRA 9 AREA ESPECIAL 05;-15,6403672;-47,8023068;4455;14;1678;1214;2;3;2;112;1;58;280;18;12;118;146;3644;1412;70;4;0;1835;1;0;0;3;0;125;70;7;52;68;3647
5;Sobradinho;1112;CENTRO DE ENSINO FUNDAMENTAL 05;SOBRADINHO;QUADRA 10 RUA 4 AREA ESPECIAL 4/5;-15,643776;-47,7975928;5170;17;1880;1426;6;3;1;151;1;75;310;14;8;171;192;4238;1621;109;1;1;2066;2;1;1;4;1;190;111;5;63;75;4251
5;Sobradinho;1139;CENTRO DE ENSINO MÉDIO 02;SOBRADINHO;QUADRA 12 AREA ESPECIAL 5;-15,6442759;-47,7857812;6164;18;2215;1625;2;9;5;158;7;96;342;26;12;174;230;4901;1849;138;2;1;2380;2;2;0;12;1;227;128;7;64;98;4911
5;Sobradinho;1163;CENTRO DE ENSINO ESPECIAL Nº 01;SOBRADINHO;QUADRA 14 AREA ESPECIAL RUA 5;-15,6504436;-47,779049;1783;6;699;469;0;2;1;48;0;29;86;8;4;54;50;1450;536;54;4;3;714;0;0;0;5;0;61;36;2;17;22;1454
5;Sobradinho;1171;CENTRO DE ENSINO FUNDAMENTAL 04;SOBRADINHO;QUADRA 15 AREA ESPECIAL 2;-15,6462419;-47,7786456;5575;18;2061;1531;1;2;0;120;4;96;320;32;5;189;195;4556;1744;91;1;0;2228;2;0;0;7;0;218;109;6;72;87;4565
5;Sobradinho;1309;ESCOLA CLASSE CATINGUEIRO;SOBRADINHO;DF 205 OESTE KM 13 ESTRADA SECUNDARIA;-15,5637179;-47,9353593;348;2;139;66;0;0;0;2;0;5;15;2;3;12;21;265;93;1;0;0;145;0;0;0;0;0;18;4;0;2;2;265
5;Sobradinho;1317;ESCOLA CLASSE CORREGO DO OURO;SOBRADINHO;DF 205 FAZENDA CORREGO DO OURO;-15,5133411;-47,9228547;230;2;102;32;1;0;0;1;0;4;14;0;0;0;17;171;42;4;0;0;104;0;0;0;1;0;13;2;0;0;5;171
5;Sobradinho;1341;CENTRO EDUCACIONAL FERCAL;SOBRADINHO;DF 205 OESTE KM 19 FERCAL;-15,590643;-47,8809464;2585;9;1214;360;2;0;1;30;2;23;175;14;6;100;119;2046;516;32;0;0;1255;1;0;1;1;0;95;43;5;37;60;2046
5;Sobradinho;1350;ESCOLA CLASSE ENGENHO VELHO;SOBRADINHO;ROD DF 150 KM 12 CD ENGENHO VELHO;-15,6017029;-47,8696009;1650;5;742;270;1;0;1;33;0;12;163;10;1;46;77;1356;375;18;0;0;824;0;0;0;3;0;57;31;6;13;30;1357
5;Sobradinho;1368;ESCOLA CLASSE SANTA HELENA;SOBRADINHO;DF 001 GRANJA SANTA HELENA;-15,7067981;-47,7990062;983;3;375;268;0;1;0;38;3;15;53;0;2;28;34;817;320;34;0;0;399;0;0;0;0;0;38;19;1;5;11;827
5;Sobradinho;1406;ESCOLA CLASSE 13 AR 05;SOBRADINHO II;AR 05 AREA ESPECIAL 1;-15,6402763;-47,8245668;3029;9;1194;758;1;1;0;64;1;49;230;17;4;101;114;2534;955;58;1;0;1259;1;0;0;2;0;117;73;2;35;48;2551
5;Sobradinho;1422;CENTRO DE ENSINO FUNDAMENTAL PROF CARLOS MOTA;SOBRADINHO II;RODOVIA DF-01 KM 13 RUA 8 CHACARA 187-LAGO OESTE;-15,6179175;-47,9507214;2727;8;873;828;3;0;0;74;8;37;108;7;3;101;114;2156;991;45;2;2;917;0;0;1;2;0;88;51;0;32;40;2171
5;Sobradinho;1430;CAIC JULIA KUBITSCHEK;SOBRADINHO II;AR 13 CONJUNTO 3 AREA ESPECIAL 01;-15,6436451;-47,8235527;2826;8;1118;585;2;1;0;53;2;48;218;9;8;102;121;2267;786;47;0;1;1220;1;0;0;2;1;105;50;0;45;36;2294
5;Sobradinho;1473;CENTRO INTERESCOLAR DE LINGUAS -CIL;SOBRADINHO;QUADRA 11 AREA RESERVADA 01;-15,6443098;-47,7880365;3285;10;1161;967;3;1;0;103;3;37;187;11;20;104;117;2714;1098;100;3;1;1245;6;0;0;8;0;104;62;8;33;52;2720
5;Sobradinho;1490;ESCOLA CLASSE BOA VISTA;SOBRADINHO;ROD DF 205 OESTE KM 06 COMUNIDADE BOA VISTA;-15,5883554;-47,9224318;1137;4;544;149;3;0;1;21;0;11;76;5;5;36;51;902;198;14;0;0;578;0;0;0;1;0;55;21;1;13;22;903
5;Sobradinho;1503;CENTRO EDUCACIONAL LA SALLE;SOBRADINHO;QUADRA 14 AREA ESP. LOTES 24/27;-15,6511918;-47,7819324;4417;16;1702;1177;3;6;3;134;3;87;284;9;9;142;155;3714;1376;108;1;0;1893;0;0;2;18;2;151;106;4;48;67;3776
5;Sobradinho;1511;CENTRO DE ENSINO SANTA RITA DE CASSIA;SOBRADINHO;QUADRA 09 AREA RESERVADA 2;-15,6428661;-47,8029933;2763;9;1063;696;2;1;2;96;2;41;153;8;6;80;77;2227;767;66;3;0;1191;0;0;1;7;2;80;68;6;23;25;2239
5;Sobradinho;1520;ESCOLA CLASSE 14;SOBRADINHO II;AR 19 CONJUNTO 07 LOTE 01;-15,6435025;-47,8161995;2422;8;961;553;1;1;0;52;0;37;178;11;5;79;108;1986;704;45;1;0;1025;0;0;0;6;0;94;44;4;25;42;1990
5;Sobradinho;1538;CENTRO DE ENSINO MÉDIO 04;SOBRADINHO II;AR 10 CONJUNTO 09 LOTE 01;-15,6462903;-47,8259894;4950;15;1967;1170;2;0;1;106;3;95;387;19;5;176;152;4083;1404;80;4;0;2166;1;0;0;4;0;170;117;1;66;77;4090
5;Sobradinho;1546;CENTRO DE EDUCAÇÃO INFANTIL 01;SOBRADINHO;QUADRA 02  AREA ESPECIAL;-15,6604784;-47,8051094;1808;6;718;505;0;1;0;60;2;36;106;5;4;28;51;1516;601;34;0;0;777;1;0;0;3;0;73;41;2;14;20;1566
5;Sobradinho;1554;CENTRO DE ENSINO FUNDAMENTAL 07;SOBRADINHO II;AR 13 CONJUNTO 05 LOTE 01;-15,6442923;-47,8250411;4060;13;1580;921;0;0;0;74;1;55;291;17;8;150;163;3260;1132;70;2;0;1716;0;1;0;4;1;137;75;2;49;73;3262
5;Sobradinho;1597;ESCOLA CLASSE MORRO DO SANSAO;SOBRADINHO;FAZENDA SOBRADINHO PROX. AO POLO DE CINEMA;-15,6195777;-47,8232482;329;2;126;84;0;0;0;5;0;15;22;0;0;9;13;274;119;3;0;0;119;0;0;0;1;1;13;13;0;3;3;275
5;Sobradinho;1600;CENTRO DE EDUCAÇÃO INFANTIL 03;SOBRADINHO;QUADRA 16 AREA ESPECIAL D/1;-15,647359;-47,7744047;2093;7;788;558;0;3;1;40;0;30;121;7;8;74;70;1700;637;41;1;0;855;1;0;0;3;0;65;48;5;24;31;1711
5;Sobradinho;1619;ESCOLA CLASSE 12;SOBRADINHO;QUADRA 01 AREA ESPECIAL SETOR DE INDUSTRIA;-15,6599451;-47,8082256;2297;8;807;629;2;2;1;74;1;41;133;5;1;74;75;1845;729;66;1;0;874;0;0;1;8;0;65;55;3;25;32;1859
5;Sobradinho;1627;ESCOLA CLASSE 11;SOBRADINHO;QUADRA 11 AREA ESPECIAL;-15,6457086;-47,7884907;983;4;364;267;0;4;0;25;2;18;49;0;1;23;33;786;301;35;0;0;380;1;0;0;1;0;27;19;2;11;11;788
5;Sobradinho;1635;ESCOLA CLASSE 10;SOBRADINHO;QUADRA 02 CONJUNTO B/C LOTE E;-15,6590755;-47,7969761;2002;7;715;585;1;2;0;45;1;31;120;7;4;57;75;1643;695;28;2;0;734;0;0;0;4;0;82;43;5;22;29;1644
5;Sobradinho;1643;INSTITUTO EDUCACIONAL SANTO ELIAS;SOBRADINHO;QUADRA 11 AREA RESERVADA 3;-15,6455873;-47,7875945;2076;6;749;565;1;0;0;68;0;40;121;3;9;64;69;1689;601;55;0;0;830;0;0;1;3;0;86;58;6;24;28;1692
5;Sobradinho;1651;ESCOLA CLASSE 04;SOBRADINHO;QUADRA 15 AREA ESPECIAL 02;-15,6461774;-47,7776654;2223;7;813;658;0;1;0;45;1;36;144;6;3;52;85;1844;746;48;1;0;863;1;0;0;3;0;76;48;3;24;42;1855
5;Sobradinho;1660;CENTRO DE ENSINO FUNDAMENTAL 08;SOBRADINHO II;AR 03 LOTE 04 AREA ESP. ST OESTE;-15,6394373;-47,8281354;4145;13;1594;1008;5;1;0;89;2;76;263;12;9;136;138;3333;1200;98;1;0;1727;0;0;0;6;2;116;95;4;31;54;3334
5;Sobradinho;1686;ESCOLA CLASSE BASEVI;SOBRADINHO;DF 001 KM 6 VILA BASEVI;-15,6458387;-47,8894314;1349;5;432;360;2;0;0;42;0;19;59;2;3;60;79;1058;424;19;1;0;491;1;0;0;1;0;41;15;2;19;50;1064
5;Sobradinho;1694;ESCOLA CLASSE CORREGO DO ARROZAL;NÚCLEO RURAL CÓRREGO DO ARROZAL;BR 020 KM 13/14 NUCLEO RURAL CORREGO DO ARROZAL;-15,6455733;-47,7350368;757;3;217;187;0;0;0;10;0;14;34;1;0;23;77;563;244;9;0;0;231;0;0;0;0;1;15;8;1;14;42;565
5;Sobradinho;1716;ESCOLA CLASSE 16 DE SOBRADINHO - NOVA COLINA;SOBRADINHO;CONDOMINIO NOVO SETOR DE MANSÕES - ÁREA ESPECIAL;-15,6491864;-47,7548303;3431;10;1355;835;2;4;1;51;1;53;196;14;6;91;145;2754;1037;55;1;0;1367;1;0;1;8;0;126;72;9;31;61;2769
5;Sobradinho;1732;ESCOLA CLASSE 17 VILA RABELO;SOBRADINHO;AV CENTRAL AE VILA RABELO;-15,6233996;-47,8474333;2277;7;821;544;2;0;0;30;1;35;153;16;7;83;107;1799;743;49;0;1;826;2;0;0;0;1;50;49;7;34;39;1801
5;Sobradinho;1740;ESCOLA CLASSE RUA DO MATO;SOBRADINHO;DF 150 KM 11 CHACARA 4 ESTRADA DA FERCAL;-15,6111681;-47,8771436;809;3;333;153;0;1;0;11;0;19;57;4;1;35;26;640;221;10;1;0;337;0;0;0;2;0;35;19;1;8;9;643
5;Sobradinho;1767;UNIPROJEÇÃO;SOBRADINHO;ST.DE IND. DE SOB., QUADRA 02, RUA B, LOTES 01 A 06;-15,6610234;-47,8070675;2572;8;928;773;1;4;1;97;2;57;127;6;8;59;61;2124;868;67;1;1;1015;0;0;0;5;1;89;57;4;23;21;2152
5;Sobradinho;1775;CENTRO DE ENSINO FUNDAMENTAL 09 - ANTIGO COER;SOBRADINHO II;AR 13 CONJ 1 AREA ESPECIAL 3;-15,6427965;-47,8211182;3098;10;1139;694;0;0;0;63;1;37;197;19;5;84;142;2381;852;44;2;0;1229;1;0;0;4;0;99;58;1;32;63;2385
5;Sobradinho;1783;ESCOLA CLASSE 01;SOBRADINHO;QUADRA 6 AREA ESPECIAL 1 RUA 5;-15,6497557;-47,7986038;1458;5;489;489;3;1;0;43;0;24;65;1;8;36;48;1207;531;56;1;0;513;0;0;0;4;1;31;39;2;13;22;1213
5;Sobradinho;1805;CENTRO DE EDUCAÇÃO NERY LACERDA - CENEL;SOBRADINHO II;SH MANSÕES SOBRADINHO CONDOMÍNIO MINI-CHÁCARAS ES 11B - SOBRADINHO;-15,6368976;-47,8445617;2957;9;996;744;2;1;0;66;0;40;177;4;10;105;100;2245;857;109;3;0;1079;2;0;2;1;1;81;77;4;33;36;2285
5;Sobradinho;1813;INSTITUTO PEDAGOGICO CRESCER;SOBRADINHO;BR 020 KM 2 COND. GRAN VILLE, LOTE 9;-15,6823533;-47,8416513;701;3;246;205;0;0;0;29;2;12;52;1;2;13;22;584;246;50;1;0;281;2;0;0;3;3;33;16;2;4;7;648
5;Sobradinho;1821;CENTRO DE ENSINO FUNDAMENTAL QUEIMA LENÇOL;SOBRADINHO;SITIO PATRICIA DF 325 KM 8/9 LOBERAL ZONA RURAL;-15,5892351;-47,8435587;1047;4;417;144;1;0;0;18;1;11;73;4;3;31;27;730;225;21;0;0;420;0;0;0;0;0;30;18;0;13;6;733
5;Sobradinho;1848;EDUCANDÁRIO - INSTITUTO VITÓRIA-RÉGIA;SOBRADINHO;QUADRA 04, ÁREA ESPECIAL 03;-15,6552027;-47,7965887;3529;13;1279;946;1;3;0;135;3;76;217;12;8;94;113;2887;1042;103;0;1;1468;1;0;1;14;1;122;69;2;30;46;2900
5;Sobradinho;1856;CEI 02 - CENTRO DE EDUCAÇÃO INFANTIL 02;SOBRADINHO;QUADRA 03, ÁREA ESPECIAL S/N;-15,6515647;-47,8087454;2823;9;1042;799;5;1;1;93;2;39;143;7;7;97;90;2326;932;87;5;0;1083;0;0;0;10;0;105;68;5;45;29;2369
6;Planaltina;1015;ESCOLA CLASSE PARANA;PLANALTINA;EQ 01/02 LOTE H-SRL;-15,6150939;-47,6456287;2786;11;1009;774;1;0;1;56;1;28;166;14;1;82;136;2269;889;26;0;0;1083;0;0;0;2;0;135;48;2;22;62;2269
6;Planaltina;1031;CENTRO DE ENSINO FUNDAMENTAL 08 DE PLANALTINA;PLANALTINA;EQ 03/04 LOTE H-SRL;-15,6215753;-47,6458244;2964;11;1142;797;2;0;1;68;2;41;191;16;1;93;130;2484;948;38;0;0;1257;0;0;1;0;1;97;56;1;43;44;2486
6;Planaltina;1058;ESCOLA CLASSE 06;PLANALTINA;EQ 05/06 LOTE G-SRL;-15,6272598;-47,6467261;3276;11;1212;860;1;1;1;69;1;48;207;33;9;101;121;2664;1034;39;0;2;1314;3;0;1;2;0;124;49;4;39;53;2664
6;Planaltina;1066;ESCOLA CLASSE 01;PLANALTINA;AV. INDEPENDÊNCIA 102;-15,6259208;-47,6549988;2985;12;1176;775;2;1;1;54;0;38;202;13;4;93;117;2476;904;44;1;0;1242;1;0;0;7;1;132;52;0;36;56;2476
6;Planaltina;1074;ESCOLA CLASSE 05;PLANALTINA;AV. CONTORNO Q. 17-VILA VICENTINA;-15,6314189;-47,6543138;3141;10;1265;789;0;0;1;78;0;46;251;20;4;98;123;2675;938;53;0;1;1399;0;0;0;7;1;129;56;1;38;52;2675
6;Planaltina;1082;CENTRO DE ENSINO FUNDAMENTAL 02;PLANALTINA;AV. SÃO PAULO QD 52 LOTE B;-15,6220472;-47,6571091;5012;14;2006;1339;1;1;1;100;1;55;295;18;9;134;155;4115;1447;72;2;0;2205;1;0;0;5;1;190;92;2;37;61;4115
6;Planaltina;1120;CENTRO DE ENSINO FUNDAMENTAL 04 (CCMDF) ;PLANALTINA;SETOR EDUCACIONAL LOTE C/D;-15,6219376;-47,6518493;2682;8;1034;631;1;1;1;63;1;34;146;9;6;90;111;2128;745;47;0;0;1126;0;0;0;3;1;89;48;0;31;38;2128
6;Planaltina;1139;CENTRO DE ENSINO MÉDIO 01;PLANALTINA;SETOR EDUCACIONAL LOTES A/B;-15,6210448;-47,6519476;5121;16;1912;1283;0;1;1;104;0;87;305;22;12;173;212;4112;1517;103;0;0;2078;1;0;1;6;1;192;85;7;45;77;4113
6;Planaltina;1171;ESCOLA CLASSE ETA 44;PLANALTINA;BR 020 KM 18 NUCLEO EXPERIMENTAL EMBRAPA;-15,592915;-47,72961;496;2;240;103;0;0;0;6;0;5;16;1;0;11;22;404;151;8;0;0;208;0;0;0;0;0;16;5;0;3;13;404
6;Planaltina;1201;ESCOLA CLASSE  MESTRE D'ARMAS;PLANALTINA;DF 130 DF 150 KM 18 VALE DO AMANHECER;-15,6722781;-47,6465551;3160;11;980;886;2;3;1;57;0;53;193;16;9;126;113;2439;1093;42;1;1;1042;0;0;1;4;0;104;53;1;51;46;2439
6;Planaltina;1210;ESCOLA CLASSE MONJOLO;PLANALTINA;BR 020 DF 335 FAZENDA MONJOLO;-15,5380399;-47,6863545;416;2;201;91;0;1;0;3;0;1;18;2;0;12;12;341;111;4;0;0;196;0;0;0;0;0;15;3;0;6;7;342
6;Planaltina;1228;CENTRO EDUCACIONAL TAQUARA;PLANALTINA;BR 020 DF 019 NUCLEO RURAL TAQUARA;-15,6335225;-47,5220033;1677;5;717;281;1;0;0;34;1;23;89;9;0;86;78;1319;424;18;0;0;709;0;0;0;4;0;84;32;0;24;24;1319
6;Planaltina;1252;CENTRO DE ENSINO FUNDAMENTAL PIPIRIPAU II;PLANALTINA;BR 020 DF 365 DF 017 NUCLEO RURAL PIPIRIPAU;-15,535118;-47,5116613;943;3;347;220;0;1;0;7;0;6;51;3;0;26;43;704;291;5;1;0;335;1;0;0;1;0;37;10;0;8;15;704
6;Planaltina;1279;CENTRO DE ENSINO FUNDAMENTAL  SÃO JOSÉ;PLANALTINA;DF 250 NUCLEO RURAL SÃO JOSÉ;-15,7041284;-47,3737588;662;2;280;98;0;0;0;11;0;3;29;7;0;42;36;506;162;12;0;0;242;0;0;0;2;0;57;6;0;11;14;506
6;Planaltina;1287;ESCOLA CLASSE ALTAMIR;PLANALTINA;DF 128 KM 8 BICA DO DER;-15,6331857;-47,6810095;1690;5;658;390;0;0;1;28;0;15;115;8;2;58;82;1357;484;21;0;0;708;2;0;0;1;0;52;31;1;24;34;1358
6;Planaltina;1295;ESCOLA CLASSE SANTOS DUMONT;PLANALTINA;DF 130 KM 18-NÚCLEO RURAL SANTOS DUMONT;-15,6789755;-47,6482619;1058;5;315;290;1;1;0;16;0;12;62;7;1;48;59;812;363;20;0;1;324;1;0;0;3;0;43;16;0;19;22;812
6;Planaltina;1325;CENTRO DE ENSINO MÉDIO 02;PLANALTINA;SETOR EDUCACIONAL LOTES J/L;-15,6213902;-47,6541004;3464;11;1399;867;3;2;0;90;2;60;222;16;10;116;119;2906;985;102;0;0;1532;0;0;1;3;1;115;77;4;41;45;2906
6;Planaltina;1376;CENTRO EDUCACIONAL 03;PLANALTINA;EQ 02/03 SETOR RESIDENCIAL NORTE;-15,6031073;-47,6504313;3647;13;1362;927;2;2;1;80;1;60;220;24;5;146;153;2983;1058;81;1;1;1482;1;1;1;7;0;144;83;3;50;70;2983
6;Planaltina;1406;CENTRO DE ENSINO FUNDAMENTAL  03;PLANALTINA;EQ 10/20 CONJ H LOTE 01-BURITIS II;-15,6160377;-47,6404689;3179;12;1123;846;3;2;1;58;0;45;230;15;3;137;97;2560;989;48;0;0;1266;0;1;0;5;0;105;63;5;40;38;2560
6;Planaltina;1422;CENTRO DE ENSINO FUNDAMENTAL JK;PLANALTINA;BR 020 MOD. 07 LOTES 16/19-COND. MESTRE DARMAS;-15,6013983;-47,6877967;2932;8;871;877;1;1;0;43;0;53;151;16;5;107;161;2286;1059;46;0;0;933;0;0;0;3;0;94;40;2;37;72;2286
6;Planaltina;1481;CENTRO EDUCACIONAL VARZEAS;PLANALTINA;DF 120 NÚCLEO RURAL TABATINGA;-15,8207079;-47,5704657;952;3;435;151;0;0;0;20;0;10;79;3;0;35;36;769;214;16;0;0;465;0;0;0;0;0;30;15;0;11;18;769
6;Planaltina;1490;CENTRO DE ENSINO FUNDAMENTAL RIO PRETO;PLANALTINA;DF 320 NÚCLEO RURAL RIO PRETO;-15,7627558;-47,4929937;528;2;231;88;1;0;0;16;0;7;33;2;0;28;22;428;123;8;0;0;242;0;0;0;0;0;30;7;0;11;7;428
6;Planaltina;1520;CENTRO DE ENSINO FUNDAMENTAL NOSSA SENHORA DE FÁTIMA;PLANALTINA;AREA ESPECIAL 01 VNS DE FATIMA;-15,6032645;-47,6580015;3391;9;1266;886;2;1;0;63;0;37;243;7;3;133;155;2796;1063;61;1;0;1468;0;1;0;6;1;109;75;5;48;54;2892
6;Planaltina;1546;ESCOLA TÉCNICA DE SAÚDE DE PLANALTINA;PLANALTINA;ENTRE AV. CONTORNO/AV. INDEPENDÊNCIA - SETOR HOSPITALAR;-15,6251747;-47,654247;1281;6;528;332;1;0;2;18;1;16;86;5;1;44;50;1084;389;24;0;0;549;1;0;1;1;0;54;26;0;15;24;1084
6;Planaltina;1554;CAIC ASSIS CHATEAUBRIAND;PLANALTINA;AREA ESPECIAL 04 SRL;-15,617899;-47,6420315;3566;11;1245;939;2;1;3;72;2;58;191;13;7;132;123;2788;1093;89;1;0;1352;0;0;0;1;0;101;70;3;33;45;2788
6;Planaltina;1562;CENTRO EDUCACIONAL ESTÂNCIA III - CCMDF;PLANALTINA;MODULO 01 RUA 01/16-ESTÂNCIA III;-15,6177302;-47,6868318;2443;7;709;619;2;3;0;36;1;40;138;14;7;110;101;1780;738;55;0;1;795;2;0;0;3;1;67;54;3;25;36;1780
6;Planaltina;1570;CENTRO DE ENSINO FUNDAMENTAL ARAPOANGA;PLANALTINA;ÁREA ESPECIAL COND. ARAPOANGA;-15,6403618;-47,6406832;3776;14;1370;856;2;0;0;85;0;86;282;40;5;126;195;3047;1088;53;0;1;1541;0;1;1;4;0;140;72;3;48;95;3047
6;Planaltina;1589;ESCOLA CLASSE 03;SETOR RESIDENCIAL LESTE;Q.1/2 PROJEÇÃO G-SRL;-15,6151217;-47,645835;2703;9;1109;710;1;0;2;61;1;34;160;12;3;90;87;2270;792;55;3;1;1214;0;0;1;2;0;97;43;2;28;32;2270
6;Planaltina;1597;ESCOLA CLASSE 04;SETOR RESIDENCIAL LESTE;EQ 3/4 PROJEÇÃO G SRL;-15,6212766;-47,6462519;2666;10;1085;713;3;1;0;54;1;39;153;12;1;97;88;2247;782;46;0;0;1180;0;1;1;6;0;106;56;0;37;32;2247
6;Planaltina;1600;ESCOLA CLASSE 07;PLANALTINA;QUADRA 45 BAIRRO NOSSA SRA FÁTIMA;-15,64195;-47,6636655;2407;7;841;500;1;2;0;48;1;46;169;19;1;90;111;1829;680;32;0;0;921;2;0;0;3;0;77;34;3;37;40;1829
6;Planaltina;1619;ESCOLA CLASSE 09;SETOR RESIDENCIAL NORTE;LOTE 01 VIA WL 01-AREA ESPECIAL 1-SRN;-15,6103141;-47,6449204;1031;4;384;281;0;0;0;20;0;11;84;9;3;36;42;870;309;20;0;0;433;0;0;0;0;0;49;33;0;12;14;870
6;Planaltina;1635;CENTRO DE EDUCAÇÃO INFANTIL 02 - CEI02;JARDIM RORIZ;EQ 4/5 SETOR RESIDENCIAL NORTE;-15,6035936;-47,6459977;3600;10;1392;894;4;0;3;88;0;47;268;16;5;149;129;2995;992;73;2;0;1577;0;0;0;5;0;157;68;4;55;62;2995
6;Planaltina;1643;ESCOLA CLASSE 13;JARDIM RORIZ;EQ 6/7 SETOR RESIDENCIAL NORTE;-15,6034189;-47,6429285;2501;7;1001;582;2;2;0;55;1;36;170;10;3;80;115;2057;662;45;3;0;1128;0;0;0;2;0;110;42;1;21;43;2057
6;Planaltina;1651;ESCOLA CLASSE 14;SETOR RESIDENCIAL LESTE;QD 13 CONJ A LT 01 BURITIS III;-15,6141543;-47,6320436;3377;11;1394;815;5;3;0;61;1;42;173;18;2;148;160;2822;993;67;0;0;1442;0;0;0;3;0;134;62;3;51;67;2822
6;Planaltina;1660;ESCOLA CLASSE APRODARMAS;PLANALTINA;FAZENDA MESTRE DARMAS;-15,6641096;-47,6575022;642;2;262;141;0;0;0;8;0;4;40;0;0;21;23;499;194;13;0;0;246;0;0;0;0;0;21;10;0;10;5;499
6;Planaltina;1678;ESCOLA CLASSE ESTÂNCIA;PLANALTINA;DF 14 LT 63/67 COND. ESTÂNCIA PLANALTINA;-15,6054854;-47,6702384;3544;12;1310;888;3;3;2;76;1;62;234;32;2;142;153;2908;1050;42;2;0;1472;0;0;0;8;1;150;72;4;47;60;2908
6;Planaltina;1686;CENTRO EDUCACIONAL OSORIO BACCHIN;PLANALTINA;GLEBA G LOTE 22 NÚCLEO RURAL JARDIM MORUMBI;-15,526964;-47,6303791;903;3;361;199;1;0;0;10;1;11;40;0;0;41;39;703;280;12;0;0;340;0;0;0;2;0;33;8;0;14;14;703
6;Planaltina;1694;ESCOLA CLASSE RAJADINHA;PLANALTINA;DF 006 NÚCLEO RURAL RAJADINHA;-15,7536174;-47,6507215;1058;3;448;210;0;0;0;11;0;16;69;5;1;34;39;833;300;14;0;0;436;0;0;0;0;0;44;13;1;13;12;833
6;Planaltina;1716;CENTRO EDUCACIONAL STELLA DOS CHERUBINS GUIMARÃES TROIS;PLANALTINA;RUA HUGO LOBO QD 97 AREA ESPECIAL;-15,6304164;-47,6598169;4341;12;1745;1017;2;1;1;117;1;77;254;19;5;167;149;3555;1151;117;2;0;1949;4;0;2;6;0;146;73;3;46;56;3555
6;Planaltina;1759;ESCOLA CLASSE VALE DO SOL;PLANALTINA;COND VALE DO SOL DF 134 AREA ESPECIAL LT 1/6;-15,6543992;-47,651493;1467;5;554;352;0;9;0;27;0;38;85;4;2;48;75;1194;465;41;0;0;568;0;0;0;2;0;49;22;1;16;30;1194
6;Planaltina;1813;CENTRO DE ENSINO FUNDAMENTAL 01;PLANALTINA;SETOR EDUCACIONAL LT M;-15,6227858;-47,6541973;2409;6;940;556;1;0;0;60;0;32;169;16;0;71;75;1920;654;46;0;1;1021;1;0;0;2;0;87;49;2;23;34;1920
6;Planaltina;1821;CENTRO DE ENSINO ESPECIAL 01;PLANALTINA;SETOR EDUCACIONAL LT 01;-15,6197937;-47,653967;712;2;224;164;2;0;0;8;0;10;31;3;0;17;15;474;249;16;0;0;249;0;0;0;2;0;19;17;1;3;4;560
6;Planaltina;1856;CENTRO EDUCACIONAL VALE DO AMANHECER;VALE DO AMANHECER;AE 03 LOTE 01-VILA PACHECO;-15,679987;-47,6566362;3805;10;1203;881;3;3;0;66;7;57;237;29;11;188;141;2826;1168;86;1;3;1224;2;0;0;0;0;127;101;3;63;48;2826
6;Planaltina;1864;CENTRO EDUCACIONAL POMPILIO MARQUES DE SOUZA;PLANALTINA;COND. MESTRE D'ARMAS MOD 1 LOTE 13;-15,5989317;-47,6831567;5012;13;1710;1302;6;0;0;87;1;82;310;29;6;227;226;3986;1548;117;1;0;1924;4;0;2;6;2;155;100;4;73;108;4044
6;Planaltina;1872;ESCOLA CLASSE 01 DO ARAPOANGA;ARAPOANGA;EQ 15/16 CONJ. I AREA ESPECIAL-ARAPOANGA;-15,6396075;-47,6363768;4809;14;1721;1059;4;0;1;114;2;101;343;30;6;217;210;3808;1332;116;0;3;1912;1;0;0;3;1;187;91;10;72;80;3808
6;Planaltina;1880;ESCOLA CLASSE 16;ESTANCIA MESTRE D'ARMAS;COND. NOVA PLANALTINA Q. 01 RUA A ÁREA ESPECIAL;-15,6191583;-47,6812732;5575;15;1819;1514;3;6;0;68;1;107;356;40;7;239;258;4418;1800;97;1;1;2072;1;0;0;7;2;156;118;4;68;91;4418
6;Planaltina;1899;CENTRO EDUCACIONAL DONA AMÉRICA GUIMARÃES;ARAPOANGA;Q. 10K CONJ.C - ÁREA ESPECIAL - ST. HAB. ARAPOANGA;-15,6403865;-47,6292368;6492;17;2177;1338;3;0;3;127;2;124;482;50;10;265;269;4850;1715;160;4;1;2469;5;0;0;9;1;182;121;6;86;92;4851
6;Planaltina;1910;ESCOLA CLASSE 15;PLANALTINA;ESTÂNCIA NOVA PLANALTINA QUADRA 01 ÁREA ESPECIAL;-15,61861;-47,684985;4384;13;1418;1135;5;1;0;63;2;68;303;37;4;181;194;3411;1371;54;2;1;1630;1;0;0;3;0;122;91;3;48;85;3411
6;Planaltina;1929;CENTRO DE ENSINO FUNDAMENTAL 02 DO ARAPOANGA;ARAPOANGA;EM FRENTE A QUADRA 21, CONJ F  ÁREA ESPECIAL-ARAPOANGA;-15,6364131;-47,6327637;3161;9;1106;713;0;0;0;62;0;70;226;25;1;130;139;2472;956;56;0;0;1200;0;0;0;2;0;103;54;2;41;58;2472
6;Planaltina;1937;CENTRO EDUCACIONAL DELTA;SETOR RESIDENCIAL LESTE;QUADRA 01 CONJ. F LOTES 21/31;-15,6135436;-47,6455712;3062;9;1242;764;1;0;1;56;0;43;179;17;4;113;113;2533;892;83;0;0;1287;1;0;0;2;0;133;63;1;28;43;2533
6;Planaltina;1945;UNIDADE DE INTERNAÇÃO DE PLANALTINA;PLANALTINA;LOTES 44/45 BAIRRO NOSSA SENHORA DE FÁTIMA;-15,6406056;-47,6644473;36;1;6;16;0;0;0;0;0;1;2;1;0;0;6;32;23;0;0;0;6;1;0;0;0;0;0;0;0;0;3;33
8;Ceilândia;1325;ESCOLA CLASSE 06;CEILANDIA NORTE;EQNM 04/06                                         ;-15,810895;-48,110455;4878;18;1837;1195;2;3;1;94;3;63;335;17;3;192;183;3928;1446;58;1;0;2000;0;0;1;7;0;179;93;3;61;79;3928
8;Ceilândia;1341;CENTRO DE ENSINO FUNDAMENTAL 20 (C ENSINO 20);CEILANDIA NORTE;EQNM 08/10;-15,80122;-48,1166533;5488;19;2048;1316;3;1;1;96;1;76;338;36;4;242;216;4378;1636;97;0;0;2161;0;0;1;2;1;212;100;1;75;92;4378
8;Ceilândia;1350;ESCOLA CLASSE 27;CEILANDIA NORTE;EQNN 07/09                                               ;-15,80289;-48,1196067;2785;9;967;707;4;1;0;61;1;43;193;22;4;101;112;2216;875;32;1;0;1079;0;0;0;1;1;94;52;3;30;48;2216
8;Ceilândia;1406;CENTRO DE ENSINO FUNDAMENTAL 35 (EC 07);CEILANDIA NORTE;EQNN 01/03;-15,8179512;-48,1120289;4795;18;1718;1161;4;1;4;75;1;65;306;26;6;182;220;3769;1473;82;1;0;1774;1;0;1;3;4;162;102;1;63;102;3769
8;Ceilândia;1422;ESCOLA CLASSE 08;CEILANDIA NORTE;EQNN 05/07                                   ;-15,8083483;-48,11725;4046;14;1497;981;1;0;2;64;1;50;259;22;3;153;180;3213;1247;49;1;0;1539;2;0;0;6;0;161;70;4;57;77;3213
8;Ceilândia;1430;ESCOLA CLASSE 28;CEILANDIA NORTE;EQNN 17/19                                               ;-15,8204652;-48,1179437;2053;9;841;458;1;1;0;36;4;18;151;16;2;70;86;1684;592;23;0;0;917;1;0;0;5;0;98;33;0;21;45;1735
8;Ceilândia;1457;CENTRO EDUCACIONAL 07;CEILANDIA NORTE;QNN 13;-15,811905;-48,1186667;1450;5;468;417;1;1;1;29;2;20;84;5;3;73;35;1139;483;64;0;0;485;0;0;0;1;0;44;29;1;18;15;1140
8;Ceilândia;1465;CENTRO DE ENSINO FUNDAMENTAL Mª DO ROSARIO G.SILVA;CEILANDIA NORTE;EQNN 21/23;-15,8098917;-48,1228517;3637;14;1343;903;3;0;0;68;1;47;243;9;5;157;144;2923;1123;64;3;0;1394;2;0;0;3;0;131;66;1;61;75;2923
8;Ceilândia;1473;CENTRO DE ENSINO FUNDAMENTAL 10 (C ENSINO 10);CEILANDIA NORTE;EQNN 23/25;-15,805225;-48,1250967;5157;14;1735;1296;5;2;1;97;1;66;287;23;6;220;238;3977;1543;124;0;2;1853;0;0;0;5;0;181;100;5;67;97;3977
8;Ceilândia;1490;CENTRO EDUCACIONAL 11 (CENTRO DE ENSINO 23);CEILANDIA NORTE;EQNP 05/01 - SETOR P NORTE;-15,8228731;-48,1250636;4646;16;1948;1052;2;2;1;82;6;86;283;26;10;153;228;3879;1332;44;1;0;2014;1;0;0;5;0;215;85;5;58;119;3879
8;Ceilândia;1708;ESCOLA CLASSE 29;CEILANDIA NORTE;EQNN 19/21;-15,815495;-48,1209;2923;10;1081;716;1;1;0;47;2;42;191;13;2;128;108;2332;849;52;1;0;1144;2;0;0;2;1;110;70;2;52;47;2332
8;Ceilândia;1716;ESCOLA CLASSE 26;CEILANDIA NORTE;EQNN 03/05;-15,8123238;-48,1144316;1570;5;601;373;3;0;0;24;0;24;100;6;3;62;56;1252;475;28;0;0;613;0;0;0;1;0;53;39;2;20;21;1252
8;Ceilândia;1740;ESCOLA CLASSE 10;CEILANDIA NORTE;EQNM 02/04;-15,8153067;-48,1076083;3270;9;1222;792;3;0;0;75;3;40;195;14;3;129;127;2603;938;54;0;0;1338;2;0;0;2;1;113;55;0;55;45;2603
8;Ceilândia;1759;ESCOLA CLASSE 11;CEILANDIA NORTE;EQNM 06/08 ;-15,8054685;-48,1130448;1995;7;749;459;3;0;1;34;0;30;122;12;1;64;74;1549;588;30;0;0;765;0;0;0;2;0;75;42;3;20;24;1549
8;Ceilândia;1791;CENTRO DE ENSINO FUNDAMENTAL 25 (CENTRO EDUCACIONAL 05);CEILANDIA NORTE;QNP 09 - SETOR P NORTE;-15,8150392;-48,1280781;7500;20;2608;1803;4;3;2;162;5;137;435;32;8;355;282;5836;2090;185;3;0;2907;2;0;0;2;0;261;171;5;101;109;5836
8;Ceilândia;1805;ESCOLA CLASSE 39;CEILANDIA NORTE;EQNP 15/11 - SETOR P NORTE                         ;-15,8138583;-48,133085;4273;15;1723;1046;3;0;1;81;4;55;266;17;8;140;219;3563;1260;55;2;0;1832;4;0;1;6;1;163;79;2;48;110;3563
8;Ceilândia;1813;ESCOLA CLASSE 35;CEILANDIA NORTE;EQNP 13/09 - SETOR P NORTE;-15,8122267;-48,1291883;5985;16;2148;1509;6;0;1;136;8;107;401;19;8;229;292;4864;1804;106;2;1;2404;0;0;0;4;2;229;124;5;73;110;4864
8;Ceilândia;1821;ESCOLA CLASSE 40;CEILANDIA NORTE;EQNP 11/07 - SETOR P NORTE;-15,8193483;-48,1304483;3903;13;1589;913;3;1;1;56;1;52;286;20;3;143;185;3253;1249;48;0;0;1608;0;0;0;3;0;178;47;1;41;78;3253
8;Ceilândia;1830;ESCOLA CLASSE 36;CEILANDIA NORTE;EQNP 05/09;-15,8178025;-48,1269999;3760;10;1509;796;6;2;0;74;1;45;233;10;4;149;172;3001;1034;53;0;1;1577;3;0;0;5;1;118;80;2;46;81;3001
8;Ceilândia;1848;INSTITUTO DE ENSINO SUPERIOR DE BRASÍLIA-IESB;CEILANDIA NORTE;QNN 31 ÀREA ESPECIAL, B,C,D E;-15,8102126;-48,1250718;3000;15;1110;762;3;0;2;48;1;34;224;13;2;107;131;2437;981;56;2;0;1185;1;0;0;6;1;133;61;4;51;46;2527
8;Ceilândia;1856;CENTRO DE ENSINO MEDIO 03;CEILANDIA SUL;QNM 13  A.E;-15,826584;-48,0986715;4719;14;1763;1082;2;1;3;120;4;72;276;17;9;202;169;3720;1270;142;1;0;1924;1;0;0;8;1;157;99;4;58;55;3720
8;Ceilândia;1864;ESCOLA CLASSE 02;CEILANDIA SUL;EQNM 19/21                                                ;-15,8234917;-48,0956796;3126;11;1238;698;1;2;0;70;2;36;186;11;2;112;130;2488;888;41;0;0;1317;2;2;1;5;1;93;49;4;45;40;2488
8;Ceilândia;1872;ESCOLA CLASSE 20;CEILANDIA SUL;EQNN 02/04                                        ;-15,8226408;-48,1083818;3267;10;1341;788;1;0;2;62;2;36;226;11;3;118;96;2686;923;60;0;0;1435;1;0;2;5;1;120;54;2;39;44;2686
8;Ceilândia;1880;ESCOLA CLASSE 01;CEILANDIA SUL;EQNM 23/25                                               ;-15,833682;-48,0915634;2694;8;1047;672;2;1;1;53;1;27;193;13;7;84;107;2208;779;61;0;0;1109;0;0;1;3;0;119;56;3;28;49;2208
8;Ceilândia;1899;CENTRO DE ENSINO FUNDAMENTAL 02;CEILANDIA SUL;EQNM 01/03;-15,8215017;-48,104945;3116;13;1179;787;5;0;0;57;1;29;167;13;4;114;114;2470;892;42;1;0;1278;1;0;0;3;0;102;64;2;42;43;2470
8;Ceilândia;1902;ESCOLA CLASSE 19;CEILANDIA SUL;EQNM 07/09;-15,8357217;-48,0972967;1114;6;411;269;3;0;0;20;0;17;78;5;1;38;44;886;346;22;0;1;487;0;0;0;2;0;55;27;1;15;16;972
8;Ceilândia;1910;ESCOLA CLASSE 64 (ESCOLA NORMAL DE CEILÂNDIA);CEILANDIA SUL;EQNM 17/19;-15,8180267;-48,0987533;2644;9;1156;570;1;1;0;76;3;32;172;5;0;92;98;2206;693;50;0;1;1258;3;1;1;7;0;95;60;0;32;43;2244
8;Ceilândia;1929;ESCOLA CLASSE 12;CEILANDIA NORTE;EQNM 20/22;-15,8072782;-48,1049873;2241;8;889;483;1;0;0;69;7;32;124;10;1;88;95;1799;565;36;2;0;994;0;1;0;2;2;90;47;2;32;26;1799
8;Ceilândia;1937;ESCOLA CLASSE 18;CEILANDIA SUL;EQNM 03/05;-15,8260537;-48,1026771;1130;5;429;267;0;3;0;26;0;13;80;6;0;38;37;899;326;13;0;0;446;0;1;0;3;0;48;28;2;14;18;899
8;Ceilândia;1945;CENTRO EDUCACIONAL 02;CEILANDIA NORTE;QNM 14;-15,8070969;-48,1091737;2641;11;961;662;1;0;1;61;4;36;126;12;6;94;109;2073;837;60;1;0;1000;1;0;0;4;1;99;54;2;25;49;2133
8;Ceilândia;1953;ESCOLA CLASSE 13;CEILANDIA NORTE;EQNM 24/26;-15,7981133;-48,11162;1903;6;784;434;0;1;1;48;0;23;122;8;5;67;67;1560;518;28;0;0;824;1;0;0;1;0;92;47;1;26;22;1560
8;Ceilândia;1961;ESCOLA CLASSE 15;CEILANDIA SUL;EQNN 08/10                                                ;-15,8374033;-48,10026;3930;11;1544;953;4;3;0;99;0;62;275;16;1;123;171;3251;1149;60;0;0;1680;0;0;0;9;2;164;70;4;46;68;3252
8;Ceilândia;1970;ESCOLA CLASSE 21;CEILANDIA SUL;EQNN  04/06                                         ;-15,8276812;-48,1056689;4776;13;1980;1115;5;0;1;106;7;59;334;20;11;139;171;3948;1329;79;2;1;2075;0;0;0;7;1;203;108;9;62;72;3948
8;Ceilândia;1988;CENTRO DE ENSINO 16;CEILANDIA NORTE;EQNM 22/24                                              ;-15,8030354;-48,1084511;4804;14;1768;1147;5;1;2;128;1;78;289;27;8;171;195;3820;1339;95;1;1;1963;1;0;1;4;0;173;112;4;59;67;3820
8;Ceilândia;1996;ESCOLA CLASSE 22;CEILANDIA SUL;EQNN 06/08                                        ;-15,83327;-48,1037733;3592;11;1381;876;4;0;0;68;2;58;278;21;8;117;150;2963;1048;47;1;1;1506;2;0;0;5;0;168;71;0;42;72;2963
8;Ceilândia;2003;ESCOLA CLASSE 03;CEILANDIA NORTE;EQNM 18/20                                          ;-15,81277;-48,102185;3248;16;1259;779;6;1;1;70;1;38;186;17;4;126;130;2618;890;34;1;0;1402;3;0;1;5;2;112;61;3;46;58;2618
8;Ceilândia;2011;CENTRO DE ENSINO FUNDAMENTAL 07;CEILANDIA SUL;EQNM 05/07;-15,8304531;-48,0994864;6001;19;2233;1385;2;2;2;143;3;101;372;24;5;195;277;4744;1687;115;1;0;2414;3;0;0;6;1;227;108;3;75;104;4744
8;Ceilândia;2020;CENTRO DE ENSINO FUNDAMENTAL 04;CEILANDIA SUL;EQNM 21/23;-15,8286283;-48,0948433;4199;13;1606;943;3;0;3;83;16;74;283;20;6;162;173;3372;1179;79;0;1;1764;1;0;5;4;1;148;73;3;44;70;3372
9;Guará;1015;ESCOLA CLASSE 1;GUARA I;QE 03 AE;-15,8141079;-47,9750302;3093;10;1069;973;2;2;1;110;6;56;149;8;9;82;92;2559;1070;38;4;1;1193;2;0;0;7;0;108;57;5;35;39;2559
9;Guará;1023;ESCOLA CLASSE 2;GUARA I;QE 2 AE 'A';-15,8143927;-47,9840135;2009;10;688;595;2;1;1;69;1;42;98;9;4;47;54;1611;670;25;2;0;750;1;0;1;3;1;73;42;1;22;20;1611
9;Guará;1031;CENTRO DE ENSINO FUNDAMENTAL 1;GUARA I;QE 4 AE J;-15,812801;-47,9882993;5625;16;1905;1701;3;2;1;238;12;79;302;14;17;146;157;4577;1892;145;3;1;2047;3;0;0;12;0;206;132;4;64;68;4577
9;Guará;1040;CENTRO EDUCACIONAL 4;GUARA I;QE 09 AE 'D';-15,8207803;-47,9753415;3467;14;1186;1084;3;3;1;131;2;54;189;5;6;97;111;2872;1186;66;2;0;1340;0;2;0;10;1;127;59;4;32;43;2872
9;Guará;1058;CENTRO ENSINO MEDIO 01  DO GUARA - CEM (GG);GUARA I;QE 07 AE 'M';-15,8184699;-47,9806652;5113;19;1718;1568;2;0;1;194;4;76;276;10;27;154;172;4202;1725;133;4;3;1911;2;0;1;12;1;161;132;9;51;57;4202
9;Guará;1066;CENTRO DE ENSINO FUNDAMENTAL 4;GUARA I;QE 12 AE 'A';-15,8183116;-47,9878611;5525;20;1853;1706;2;2;3;183;5;75;279;17;16;167;207;4515;1873;109;2;3;2052;0;0;1;11;0;186;119;6;50;103;4515
9;Guará;1074;ESCOLA CLASSE 5;GUARA I;QE 20 AE 'K';-15,8231639;-47,9820433;2118;9;833;571;1;0;0;75;2;34;121;3;8;62;63;1773;625;48;3;0;937;1;0;0;5;0;76;37;3;14;24;1773
9;Guará;1082;CENTRO DE ENSINO FUNDAMENTAL 2;GUARA I;QE 7 AE 'Q';-15,8157465;-47,9778545;2630;11;913;834;1;3;0;89;4;40;121;4;10;70;82;2171;897;57;2;2;1013;0;0;0;6;1;78;51;4;19;41;2171
9;Guará;1112;CENTRO DE ENSINO FUNDAMENTAL 8;GUARA II;EQ 13/15  AE 'B';-15,8274982;-47,9782363;5437;17;1875;1569;6;2;0;256;1;94;296;21;15;118;177;4430;1741;107;3;2;2087;3;1;2;9;2;219;116;9;43;86;4430
9;Guará;1120;CENTRO EDUCACIONAL 3;GUARA II;EQ 17/19 AE 'A';-15,8395321;-47,9761001;8562;25;2928;2693;12;1;2;334;4;179;458;17;20;241;268;7157;2974;205;4;0;3180;4;1;2;30;0;343;218;13;89;94;7157
9;Guará;1139;ESCOLA CLASSE 6;GUARA II;EQ 24/26 AE 'A';-15,8303061;-47,9841851;4895;14;1692;1467;8;1;1;212;4;82;275;11;5;131;151;4040;1570;89;4;1;1975;1;0;2;13;1;177;98;3;47;59;4040
9;Guará;1147;ESCOLA CLASSE 08 (ANTIGO CEF 07);GUARA II;EQ 28/30 AE 'A';-15,8401073;-47,9799553;6781;21;2413;1951;4;2;4;249;5;129;393;13;17;169;213;5562;2179;113;2;0;2665;2;0;3;25;0;251;168;11;56;87;5562
9;Guará;1155;CENTRO DE ENSINO FUNDAMENTAL 5;GUARA II;EQ 32/34 LT 'B' - AE;-15,843127;-47,973542;3562;10;1198;1021;6;3;1;119;1;60;188;10;7;84;124;2822;1133;79;5;2;1315;1;0;0;7;0;127;64;3;32;54;2822
9;Guará;1163;CENTRO EDUCACIONAL 1;GUARA II;EQ 34/36 AE 'B';-15,8430721;-47,9682061;5210;15;1845;1543;7;3;0;208;3;96;315;11;6;153;146;4336;1698;115;4;2;2072;0;0;1;18;0;186;108;6;55;71;4336
9;Guará;1171;ESCOLA CLASSE 7;GUARA II;QE 38 CONJ. 'D' AE 12;-15,8477112;-47,9700132;1673;5;620;346;1;0;0;56;0;25;85;6;2;65;68;1274;425;27;0;0;697;2;0;0;1;0;40;36;2;22;22;1274
9;Guará;1180;CENTRO DE ENSINO FUNDAMENTAL 10;GUARA II;QE 46 AE 05;-15,8503024;-47,9630981;2058;6;778;483;4;0;1;61;2;24;133;5;3;80;64;1638;532;51;1;0;848;2;0;1;4;1;76;47;2;28;45;1638
9;Guará;1198;ESCOLA CLASSE 3;GUARA I;QE 7 LT 'J' AREA ESPECIAL;-15,8189543;-47,979433;1580;10;556;472;2;0;1;57;6;27;93;4;3;47;60;1328;763;52;5;0;735;1;0;2;7;0;76;65;5;27;24;1762
9;Guará;1210;CENTRO DE ENSINO ESPECIAL 1;GUARA I;QE 20 LT 'A' AREA ESPECIAL;-15,8189916;-47,9861144;2034;6;668;603;1;2;1;85;2;33;104;6;8;55;63;1631;645;42;1;0;765;1;0;1;9;0;74;40;4;23;26;1631
9;Guará;1236;COLEGIO ROGACIONISTA;GUARA II;AREA ESPECIAL 08 MODULO B;-15,8458876;-47,9715021;7037;20;2596;1924;5;0;1;256;5;122;411;15;15;224;254;5828;2197;187;1;2;2806;8;0;0;20;0;254;177;11;72;93;5828
9;Guará;1244;COLEGIO ELITE (ANTIGO JK);GUARA I;QE 08 AREA ESPECIAL 1;-15,8122871;-47,9897449;3889;17;1353;1183;2;0;0;169;10;65;237;9;9;96;130;3263;1314;95;0;0;1482;1;0;0;19;0;151;93;5;37;66;3263
9;Guará;1260;ESCOLA CLASSE VILA ESTRUTURAL;CIDADE ESTRUTURAL;PRACA CENTRAL;-15,7815647;-47,9972183;3944;14;1547;668;3;1;0;109;2;66;296;31;7;166;166;3062;956;64;1;1;1745;0;0;0;7;2;137;80;5;49;66;3113
9;Guará;1279;CENTRO ENSINO EDUCACIONAL 01 - VILA ESTRUTURAL(MILITAR);CIDADE ESTRUTURAL;SETOR CENTRAL  AE 03 - VILA ESTRUTURAL;-15,7831808;-47,9974577;7032;20;2817;1151;0;1;2;199;5;103;545;42;14;254;309;5442;1621;158;1;1;3070;5;0;0;6;1;219;133;8;91;128;5442
9;Guará;1287;COLEGIO PROJEÇÃO;GUARA I;QE 20 AREA ESPECIAL 'E';-15,8200694;-47,9835477;4274;14;1554;1213;7;1;1;218;3;92;217;4;10;98;127;3545;1345;102;4;0;1725;1;0;0;18;3;156;95;7;44;45;3545
9;Guará;1295;FACULDADE PROJEÇÃO- PERTO TERMINAL RODOVIARIO GUARA II;GUARA II;AREA ESPECIAL 10 LOTE C;-15,8397918;-47,9661877;4263;15;1512;1167;2;0;0;198;0;70;263;5;8;119;116;3460;1612;113;3;0;1875;2;0;0;21;1;183;113;9;33;51;4016
9;Guará;1309;ESCOLA CLASSE 02 - VILA ESTRUTURAL;CIDADE ESTRUTURAL;QD 03 CJ 'A' AE 06 - VILA ESTRUTURAL;-15,7827818;-47,9993817;4194;14;1744;701;4;1;2;120;0;54;336;32;4;143;224;3365;1003;74;0;1;1895;2;0;0;6;1;145;73;7;62;96;3365
9;Guará;1317;CILG -CENTRO INTERESCOLAR DE LINGUAS;GUARA I;QE 07 AE 'Q' (AO LADO DO CEF 02);-15,816085;-47,9784248;2994;11;985;980;3;3;1;106;2;45;162;7;17;71;100;2482;1068;69;1;0;1071;1;0;0;9;1;113;74;6;30;39;2482
9;Guará;1325;CENTRO EDUCACIONAL INFANTIL 01 DA VILA ESTRUTURAL;CIDADE ESTRUTURAL;QUADRA 03 AE 01 SETOR NORTE;-15,7791057;-47,9942411;2508;9;1022;433;1;1;1;65;1;43;184;24;6;85;136;2002;625;32;0;0;1099;1;0;1;3;1;90;50;0;33;67;2002
9;Guará;1333;CENTRO DE ENSINO FUNDAMENTAL 02 - VILA ESTRUTURAL;CIDADE ESTRUTURAL;QD 02 AE CONJUNTO 01/02;-15,7861862;-47,9891637;6800;20;2492;1157;2;0;0;168;0;96;399;40;10;250;269;4883;1564;175;0;0;2678;1;0;0;1;2;146;123;14;81;98;4883
9;Guará;1341;COLEGIO ROGACIONISTA - INFANTIL NUCLEO 01;GUARA II;EQ 34/34 LOTE D;-15,8425233;-47,9735058;2770;8;915;812;1;0;4;96;1;44;165;6;4;79;78;2205;902;65;1;0;1002;3;0;0;7;0;96;58;4;36;31;2205
9;Guará;1368;ESCOLA  CLASSE 03  (ANTIGO PADRE DI FRANCIA);GUARA II;QE 42 AE 01;-15,8464229;-47,9667669;1565;4;606;423;1;0;0;49;2;23;81;4;3;41;53;1286;482;34;1;0;634;0;0;0;2;0;56;30;0;20;27;1286
9;Guará;1384;ESCOLA TÉCNICA DO GUARÁ - CEPAG / GUARÁ II;GUARA II;EQE 19/17 - LOTE A - GUARÁ II;-15,8388896;-47,9767626;2449;8;793;788;3;1;0;112;2;53;125;9;13;61;81;2041;862;83;1;0;864;1;0;0;13;1;94;66;5;22;29;2041
9;Guará;1406;COLEGIO OBJETIVO DO GUARA;GUARA II;QE 38 AREA ESPECIAL 8 LOTE C;-15,8463567;-47,9708567;6096;20;2194;1779;3;2;3;299;7;97;355;13;20;172;179;5123;1950;162;5;2;2454;3;0;2;27;0;225;150;9;59;75;5123
9;Guará;1414;CPP - CENTRO DE PROGRESSÃO PENITENCIÁRIA;ZONA INDUSTRIAL;SIA, TRECHO 04, LOTES 1600/1680;-15,800813;-47,9661094;21;1;10;4;0;0;0;1;0;0;1;0;0;1;1;18;6;1;0;0;12;0;0;0;0;0;0;0;0;0;0;19
9;Guará;1449;COLEGIO LICEU GUARA;GUARA II;SRIA QE 48 CL 2 LOTE 3/4 - GUARÁ 2;-15,8549928;-47,9731235;2851;10;1049;746;2;2;1;140;2;55;202;11;4;61;69;2344;856;58;0;0;1185;0;0;0;11;1;105;67;2;33;26;2344
10;Núcleo Bandeirante;1023;ESCOLA CLASSE 4;NUCLEO BANDEIRANTE;2 AV ENTREBLOCOS 440/540;-15,8675429;-47,9651679;2751;8;1081;689;3;1;0;118;1;48;189;3;1;78;83;2295;820;52;2;0;1224;1;0;0;8;1;80;47;2;23;35;2295
10;Núcleo Bandeirante;1031;COLEGIO LA SALLE;NUCLEO BANDEIRANTE;2 AVENIDA  AREA ESPECIAL 11 - NÚCLEO BANDEIRANTE;-15,8688463;-47,9672048;6375;18;2358;1534;2;4;2;353;4;108;401;14;15;154;196;5145;1732;150;1;2;2753;4;0;1;14;1;254;108;12;44;69;5145
10;Núcleo Bandeirante;1040;CENTRO DE EDUCACAO INFANTIL DO NÚCLEO BANDEIRANTE;NUCLEO BANDEIRANTE;2A AV. ENTREBLOCOS 960/1040;-15,8700203;-47,9709461;2467;7;889;627;2;1;0;134;3;48;128;10;6;81;70;1999;692;56;3;1;1029;1;0;0;5;0;83;65;1;28;35;1999
10;Núcleo Bandeirante;1058;ESCOLA CLASSE 5;NUCLEO BANDEIRANTE;2 AV ENTREBLOCOS 1400/1500;-15,8731336;-47,9760738;2028;6;764;491;1;0;1;114;2;36;131;5;1;67;63;1676;596;43;0;0;887;0;0;0;2;1;71;42;0;13;21;1676
10;Núcleo Bandeirante;1066;CENTRO DE ENSINO FUNDAMENTAL 1;NUCLEO BANDEIRANTE;AV CONTORNO AE 07 -NÚCLEO BANDEIRANTE ;-15,8766267;-47,9765639;4361;13;1610;1118;4;2;2;170;0;62;275;9;10;125;145;3532;1284;95;1;0;1755;1;0;2;8;2;169;95;6;34;80;3532
10;Núcleo Bandeirante;1074;CENTRO EDUCACIONAL AGROURBANO IPÊ;RIACHO FUNDO II;COMBINADO AGROURBANO I (CAUB I) IPE/RIACHO FUNDO;-15,947407;-48,0147929;1838;5;713;453;3;0;0;38;0;38;106;9;3;59;76;1498;580;23;0;1;735;0;1;0;4;0;69;33;0;26;26;1498
10;Núcleo Bandeirante;1090;CENTRO DE ENSINO MÉDIO URSO BRANCO;NUCLEO BANDEIRANTE;3  AVENIDA AREA ESPECIAL 04 - NÚCLEO BANDEIRANTE;-15,8718537;-47,9691361;5675;15;2091;1429;2;3;2;186;2;97;342;12;9;165;191;4531;1651;152;5;0;2273;7;0;2;13;0;199;110;9;42;68;4531
10;Núcleo Bandeirante;1104;ESCOLA CLASSE 3;NUCLEO BANDEIRANTE;3 AVENIDA AE 06 LOTES H/N;-15,8744;-47,9739816;1855;8;702;480;2;1;0;85;1;27;105;5;5;48;72;1533;648;39;1;1;877;3;0;0;4;0;78;52;3;17;24;1747
10;Núcleo Bandeirante;1120;CENTRO DE ENSINO FUNDAMENTAL 01 (ANTIGO CENTRO EDUCACIONAL);CANDANGOLANDIA;SPMS QR 1 CONJUNTO G LOTE 59 -PRÊDIO DA RIEGIONAL DE ENSINO;-15,85421967;-47,95453806;2911;12;1231;634;4;0;2;73;2;31;200;17;7;102;124;2427;795;49;0;1;1341;0;0;1;6;1;149;70;1;32;37;2483
10;Núcleo Bandeirante;1139;ESCOLA CLASSE 02 DA CANDANGOLÂNDIA (ANTIGA ZOOBOTANICA);CANDANGOLANDIA;EQ 02/03  AE - CANDANGOLÂNDIA;-15,85250036;-47,95172217;3076;9;1229;721;3;0;2;85;9;49;204;6;3;73;130;2514;859;52;0;1;1339;1;0;1;5;0;130;50;3;28;45;2514
10;Núcleo Bandeirante;1147;CENTRO DE ENSINO FUNDAMENTAL METROPOLITANA;NUCLEO BANDEIRANTE;RUA 01 LOTE 06 METROPOLITANA;-15,8816041;-47,9748552;3286;9;1235;790;5;2;0;123;0;59;188;12;2;99;125;2640;927;64;1;0;1340;0;0;0;12;0;123;85;1;37;50;2640
10;Núcleo Bandeirante;1155;CENTRO EDUCACIONAL  VARGEM BONITA;NUCLEO BANDEIRANTE;NUCLEO HABIT. SUL-AE 01 LOT F-PROX  Q17  PARK WAY VARGEM BONITA 71750;-15,9343474;-47,9404904;5851;16;2091;1587;0;2;0;396;3;105;330;8;7;143;156;4828;1800;123;1;1;2399;4;0;2;32;3;239;105;4;55;60;4828
10;Núcleo Bandeirante;1163;ESCOLA CLASSE AGROVILA II;RIACHO FUNDO II;EPCT DF 001 - SENTIDO GAMA/TAGUAT-CAUB II -;-15,9391166;-48,0344853;1173;4;556;219;1;1;0;23;1;12;69;6;0;50;57;995;329;20;0;1;596;0;0;0;1;0;54;28;1;19;20;1069
10;Núcleo Bandeirante;1171;CENTRO DE ENSINO MÉDIO 1 DO RIACHO FUNDO I;RIACHO FUNDO;QUADRA 14 LOTE A;-15,8881341;-48,01412246;5636;15;2339;1206;4;1;0;183;3;63;333;18;9;172;224;4555;1409;118;0;0;2519;1;0;0;9;0;191;136;6;55;111;4555
10;Núcleo Bandeirante;1198;CENTRO DE ENSINO TELEBRASILIA;RIACHO FUNDO;QN 01 LOTE 01/02 - RIACHO FUNDO I;-15,87949366;-48,0059076;2677;7;1060;538;5;0;1;77;1;27;181;14;6;85;103;2098;651;44;0;0;1163;1;0;0;9;0;96;57;4;35;38;2098
10;Núcleo Bandeirante;1201;ESCOLA CLASSE 1 CANDANGOLANDIA;CANDANGOLANDIA;EQ 05/07, AREA ESPECIAL -CANDANGOLÂNDIA;-15,84803495;-47,95132255;2479;9;1065;569;2;0;1;70;0;35;163;12;2;84;80;2083;692;49;0;0;1121;2;0;0;4;0;122;34;3;24;32;2083
10;Núcleo Bandeirante;1210;CENTRO EDUCACIONAL 02  RIACHO FUNDO I;RIACHO FUNDO;QN 07 AE 1/2;-15,88360667;-48,01980089;5284;14;2157;1148;5;0;1;159;1;65;314;20;6;165;207;4248;1368;92;2;0;2361;0;0;0;15;1;166;102;2;63;76;4248
10;Núcleo Bandeirante;1228;CENTRO EDUCACIONAL INFANTIL DA CANDANGOLANDIA;CANDANGOLANDIA;QR 1-A, PRAÇA DO BOSQUE;-15,85611945;-47,95192969;2881;8;1119;705;3;2;0;95;2;36;196;12;4;73;129;2376;808;59;3;0;1253;3;0;1;4;1;115;67;1;26;35;2376
10;Núcleo Bandeirante;1236;CENTRO DE ENSINO FUNDAMENTAL 01 DO RIACHO FUNDO II;RIACHO FUNDO II;QN 07 LOTE D AREA ESPECIAL 1/2 - RIACHO FUNDO II;-15,9020411;-48,0479073;4566;12;1795;1095;5;1;0;89;2;68;287;22;4;157;189;3714;1317;136;6;1;1860;4;0;0;1;1;154;84;3;67;80;3714
10;Núcleo Bandeirante;1244;ESCOLA CLASSE 1 DO RIACHO FUNDO II;RIACHO FUNDO II;QC 4 CONJ 18 LOTE 2;-15,9154129;-48,0467568;4974;13;1989;1200;6;4;0;98;2;82;329;25;10;175;180;4100;1460;124;3;0;2037;0;0;1;3;0;212;107;9;69;75;4100
10;Núcleo Bandeirante;1252;CENTRO DE EDUCACAO INFANTIL DO RIACHO FUNDO II;RIACHO FUNDO II;QN 14A CONJ 07 AE 1/2;-15,895685;-48,0510031;4746;13;1856;1070;2;1;1;96;6;66;333;16;2;167;187;3803;1297;99;3;1;1986;0;0;0;5;0;175;89;8;54;86;3803
10;Núcleo Bandeirante;1260;ESCOLA CLASSE VERDE DO RIACHO FUNDO I;RIACHO FUNDO;SHRF E/Q 2/4 LOTE A QS 4;-15,88445799;-48,01454636;1996;6;802;429;1;0;2;67;0;38;113;7;10;74;73;1616;593;70;1;2;944;0;0;0;1;1;48;60;5;24;27;1776
10;Núcleo Bandeirante;1279;JARDIM DE INFANCIA 1 DO RIACHO FUNDO II;RIACHO FUNDO II;QN 8-C AE 01;-15,9020433;-48,0448537;3321;9;1371;695;2;1;0;74;0;51;247;12;2;119;145;2719;865;61;0;0;1483;1;0;0;2;0;130;68;4;38;67;2719
10;Núcleo Bandeirante;1295;ESCOLA SALESIANA SAO DOMINGOS SAVIO;NUCLEO BANDEIRANTE;3 AVENIDA AE 5 LOTE A/F- NÚCLEO BANDEIRANTE ;-15,8724719;-47,9704508;5106;15;1989;1300;2;2;2;246;3;84;336;16;2;127;161;4270;1448;142;0;0;2212;3;0;1;18;0;192;126;6;56;66;4270
10;Núcleo Bandeirante;1309;COLEGIO ISAAC NEWTON;RIACHO FUNDO;QN 07 AREA ESPECIAL 11 RIACHO FUNDO I;-15,8809575;-48,0207708;3431;10;1473;686;2;1;0;119;1;38;226;10;7;99;115;2777;787;83;1;0;1632;1;0;1;8;1;116;65;2;33;47;2777
10;Núcleo Bandeirante;1317;ESCOLA CLASSE 2 DO RIACHO FUNDO II;RIACHO FUNDO II;QN 14 CONJUNTO D LOTE A;-15,8963686;-48,0495314;3751;10;1527;866;2;0;0;93;3;45;279;13;8;147;144;3127;1013;98;1;0;1669;2;0;0;10;0;146;71;5;49;63;3127
10;Núcleo Bandeirante;1325;CENTRO EDUCATIVO PASSIONISTA MÃE DA SANTA ESPERANÇA;RIACHO FUNDO;QN 05 AE 02 - RIACHO FUNDO I;-15,87925067;-48,01784149;4503;13;1888;990;0;4;1;157;3;57;276;16;5;122;160;3679;1171;102;2;0;2057;0;0;0;7;0;141;82;6;46;65;3679
10;Núcleo Bandeirante;1333;CENTRO DE ENSINO MÉDIO - JULIA KUBITSCHEK;CANDANGOLANDIA;QRO A AE 01;-15,85308797;-47,94649453;2909;8;1080;751;3;0;4;91;1;49;159;3;5;113;115;2374;846;56;0;1;1208;2;0;3;2;0;105;69;4;30;48;2374
10;Núcleo Bandeirante;1341;CENTRO DE ENSINO FUNDAMENTAL LOBO GUARA;RIACHO FUNDO II;QS 08 AE 02 - RIACHO FUNDO II;-15,9380559;-48,0391799;4604;12;1829;1056;0;3;0;88;5;57;265;20;10;164;208;3705;1300;97;0;0;1910;2;0;3;4;0;153;81;4;69;82;3705
10;Núcleo Bandeirante;1350;CENTRO ENSINO MEDIO 01 RFII (ANTIGO CED 01 RFII);RIACHO FUNDO II;QS 18 AE 02 RIACHO FUNDO II;-15,9487078;-48,03257;3770;10;1481;835;2;1;0;96;2;66;257;20;6;144;125;3035;1017;116;2;1;1560;0;0;0;2;0;150;76;3;41;67;3035
10;Núcleo Bandeirante;1368;ESCOLA CLASSE 02 DO RIACHO FUNDO I;RIACHO FUNDO;QN 05 ÁREA ESPECIAL 07 - RIACHO FUNDO I;-15,88206322;-48,01574415;1148;3;430;274;0;0;0;49;1;11;61;3;3;36;41;909;314;25;0;0;483;0;0;0;1;0;31;20;2;12;21;909
10;Núcleo Bandeirante;1384;CENTRO DE EDUCAÇÃO INFANTIL 01 - RF I;RIACHO FUNDO;QN 07, AE 10, RIACHO FUNDO I;-15,8800282;-48,021823;3856;10;1552;805;4;2;0;129;1;45;218;5;6;134;129;3030;944;80;2;1;1679;0;0;0;5;0;127;94;4;32;62;3030
10;Núcleo Bandeirante;1392;INSTITUTO FEDERAL DE BRASÍLIA - CAMPUS RIACHO FUNDO;RIACHO FUNDO;AVENIDA CEDRO, AE 15, QS 16, FAZENDA SUCUPIRA- RIACHO FUNDO I;-15,88089774;-48,00862143;1925;5;676;527;0;0;0;62;2;33;115;3;9;98;66;1591;617;59;1;0;761;0;0;0;5;0;50;55;4;16;23;1591
10;Núcleo Bandeirante;1406;COLÉGIO EDUCANDÁRIO DE FÁTIMA;RIACHO FUNDO II;QN 14B CONJ 6 LOTES 19/20 RIACHO FUNDO II;-15,8979151;-48,0488697;1930;5;700;482;1;1;1;40;0;28;137;5;3;79;64;1541;554;74;2;1;731;2;0;0;2;0;64;48;3;31;29;1541
10;Núcleo Bandeirante;1414;CIL-CENTRO INTERESCOLAR DE LINGUAS DO RIACHO FUNDO I;RIACHO FUNDO;QS 14, AREA ESPECIAL A;-15,88876224;-48,01506948;3243;10;1331;703;4;1;2;107;4;36;192;5;5;106;102;2598;849;56;0;0;1441;1;0;1;7;0;111;57;6;30;40;2599
10;Núcleo Bandeirante;1422;CAIC JUSCELINO KUBITSCHEK DO NUCLEO BANDEIRANTE;SETOR DE MANSOES PARK WAY;PARK WAY TRECHO 2 QD. 6;-15,8773047;-47,9626477;651;2;242;153;0;0;0;52;0;15;44;4;2;21;15;548;169;36;0;0;281;0;0;0;3;1;23;13;3;13;6;548
11;Cruzeiro;1015;CENTRO DE ENSINO MÉDIO INTEGRADO DO CRUZEIRO - CEMI DO CRUZEIRO;CRUZEIRO VELHO;SRES AREA ESPECIAL F, LOTE G, CRUZEIRO VELHO;-15,7834978;-47,9378899;4004;14;1348;1270;3;0;4;149;6;72;199;3;7;112;117;3290;1621;101;1;4;1626;1;0;5;16;2;170;82;4;47;53;3733
11;Cruzeiro;1031;CENTRO DE ENSINO FUNDAMENTAL 01;CRUZEIRO VELHO;SRES Q 01, LOTE 05, AREA ESPECIAL, CRUZEIRO VELHO;-15,7847405;-47,9369438;5906;20;2005;1758;5;4;2;249;7;112;368;18;12;150;191;4881;1973;133;7;2;2269;2;0;1;21;0;219;136;6;59;68;4896
11;Cruzeiro;1040;CENTRO DE ENSINO FUNDAMENTAL ATHOS BULCÃO;CRUZEIRO NOVO;SHCES Q. 309, LOTE 01, AREA ESPECIAL, CRUZEIRO NOVO;-15,7937506;-47,9417131;5705;19;1921;1801;6;1;3;207;3;108;283;12;8;145;172;4670;2011;142;5;1;2098;3;0;1;18;0;192;81;7;42;70;4671
11;Cruzeiro;1058;ESCOLA CLASSE 05;CRUZEIRO NOVO;SHCES Q 201/203, ÁREA ESPECIAL, CRUZEIRO NOVO;-15,7985008;-47,9433675;2888;10;1018;920;0;1;0;118;3;50;145;3;4;66;78;2406;1015;61;1;0;1086;1;0;0;9;1;105;65;1;21;40;2406
11;Cruzeiro;1074;ESCOLA CLASSE 04;CRUZEIRO NOVO;SHCES Q. 407, ÁREA ESPECIAL, CRUZEIRO NOVO;-15,7959628;-47,9416442;2953;10;1088;892;3;0;2;97;6;53;157;8;4;74;84;2468;988;73;4;0;1167;0;0;1;6;0;96;66;2;32;43;2478
11;Cruzeiro;1082;ESCOLA CLASSE 06;CRUZEIRO NOVO;SHCES Q 807,  ÁREA ESPECIAL, CRUZEIRO NOVO;-15,7943023;-47,9378112;4496;15;1612;1305;3;1;3;177;3;68;225;10;17;95;137;3656;1460;80;1;0;1748;0;0;1;15;0;150;93;8;31;69;3656
11;Cruzeiro;1090;ESCOLA CLASSE 08;AREA OCTOGONAL SUL;AOS 06/08,  ÁREA ESPECIAL, OCTOGONAL;-15,8031503;-47,9449744;5756;18;1919;1806;1;0;0;384;4;132;346;6;9;130;141;4878;1998;123;0;0;2234;3;0;2;32;4;254;125;6;42;55;4878
11;Cruzeiro;1104;ESCOLA CLASSE DA VILA DO RCG;SETOR MILITAR COMPLEMENTAR;VILA DO RCG, RUA C, ÁREA ESPECIAL, S/N;-15,7621437;-47,9498084;1081;4;564;122;1;0;1;41;0;12;61;4;2;27;37;872;151;33;0;0;650;0;0;1;7;1;41;11;1;5;8;909
11;Cruzeiro;1112;ESCOLA CLASSE SMU;SETOR MILITAR URBANO;QRO, AREA ESPECIAL, SETOR MILITAR URBANO;-15,7748486;-47,9311058;2402;8;1254;289;0;1;0;116;2;20;94;6;6;54;59;1901;318;41;1;1;1405;0;0;1;8;1;64;21;2;21;17;1901
11;Cruzeiro;1120;CENTRO EDUCACIONAL 02;CRUZEIRO NOVO;SHCES Q 805, LOTE 02,  ÁREA ESPECIAL, CRUZEIRO NOVO;-15,7963466;-47,938137;6236;20;2245;1849;9;0;0;229;5;100;322;16;5;173;167;5120;2033;133;5;1;2454;2;2;1;11;0;222;124;7;65;73;5133
11;Cruzeiro;1139;MAPLE BEAR ( ANTIGO CANDANGUINHO - CECAN );SETOR SUDOESTE;EQSW 303/304, SETOR SUDOESTE;-15,8007638;-47,9278018;6646;21;2100;2140;4;4;0;497;7;153;413;3;7;115;150;5593;2327;138;3;0;2502;2;0;5;49;1;286;172;9;48;51;5593
11;Cruzeiro;1147;COLÉGIO DROMOS;SETOR SUDOESTE;SQSW/EQSW 303/304, LOTE 03, SETOR SUDOESTE;-15,7997683;-47,928582;3599;12;1156;1127;3;0;3;247;3;82;235;4;3;83;100;3046;1403;89;2;1;1423;0;0;2;30;0;165;87;1;36;39;3278
11;Cruzeiro;1155;COLEGIO SOMA;CRUZEIRO NOVO;SHCES Q 609, LOTE 01, CRUZEIRO NOVO;-15,7933245;-47,9387939;2892;10;995;847;2;0;0;136;2;58;157;3;10;89;80;2379;1116;99;2;3;1223;6;0;1;7;0;95;82;5;25;37;2701
11;Cruzeiro;1163;COLEGIO CIMAN;AREA OCTOGONAL SUL;SH/AOS ENTRE AREAS 01/04, LOTE 08, OCTOGONAL;-15,8075865;-47,9399382;8311;29;2749;2658;2;0;3;588;6;209;465;7;13;191;186;7077;2972;187;2;0;3174;2;0;3;49;3;345;197;11;59;76;7080
11;Cruzeiro;1171;CASA THOMAS JEFFERSON;SETOR SUDOESTE;SHCSW/EQSW 301/302, LOTE 02, SETOR SUDOESTE;-15,79612;-47,9230393;6382;20;2026;1957;2;0;2;477;2;165;353;6;10;176;163;5339;2209;125;4;0;2367;2;0;1;50;0;299;153;2;60;70;5342
11;Cruzeiro;1180;ESCOLA CANADENSE DE BRASÍLIA ( ANTIGA MAPLE BEAR );SETOR DE INDUSTRIAS GRAFICAS;SIG QUADRA 08, LOTE 2225, PARTE F, SIG;-15,7956911;-47,9150624;5233;16;1453;1748;1;0;1;379;2;137;274;7;11;115;133;4261;1931;159;3;0;1669;2;0;1;31;2;229;136;6;43;52;4264
11;Cruzeiro;1236;COLEGIO IN-NOVA ( ANTIGO COC );SETOR SUDOESTE;EQSW 101/102, LOTE  01;-15,8001179;-47,9208327;1073;3;311;329;0;1;0;67;0;38;58;2;4;36;38;884;386;40;2;0;338;0;0;0;10;1;44;35;2;12;14;884
13;Samambaia;1015;CENTRO DE ENSINO FUNDAMENTAL 404;SAMAMBAIA NORTE;QS 404 AREA ESPECIAL 01;-15,86664375;-48,08408406;5653;15;2268;1364;4;1;1;145;5;82;333;30;4;195;225;4657;1604;112;5;0;2558;0;0;1;7;0;236;145;5;66;75;4814
13;Samambaia;1031;ESCOLA CLASSE 403;SAMAMBAIA;QN 403/405  AREA ESPECIAL;-15,8732046;-48,0975306;4732;14;1886;960;3;0;2;108;2;79;301;38;13;195;209;3796;1215;77;0;1;2043;1;0;2;1;1;195;104;1;69;86;3796
13;Samambaia;1040;ESCOLA CLASSE 111;SAMAMBAIA;QS 111 AREA ESPECIAL 10;-15,88573895;-48,1053972;3373;10;1347;705;0;2;0;44;0;47;208;22;5;141;189;2710;913;52;0;0;1398;2;0;1;3;1;130;67;5;54;84;2710
13;Samambaia;1058;ESCOLA CLASSE 410;SAMAMBAIA;QN 410  AREA ESPECIAL 01;-15,85869952;-48,07949245;5070;15;2028;1180;4;2;1;137;2;84;330;28;7;151;190;4144;1341;91;3;1;2223;0;0;0;9;1;231;110;2;45;87;4144
13;Samambaia;1147;ESCOLA CLASSE 325;SAMAMBAIA;QR 325 AREA ESPECIAL 01;-15,89720339;-48,12272584;4563;16;1957;805;1;0;1;75;3;71;318;39;7;204;219;3700;1128;63;2;0;2030;4;0;0;5;0;205;95;6;67;95;3700
13;Samambaia;1155;ESCOLA CLASSE 407;SAMAMBAIA;QR 407/409 AE 01;-15,875185;-48,1033291;3414;15;1432;629;3;1;1;99;0;50;234;24;5;142;166;2786;853;47;1;0;1553;1;2;0;4;0;140;77;2;49;57;2786
13;Samambaia;1198;ESCOLA CLASSE 425;SAMAMBAIA;QS 423/425 AE 02;-15,88737705;-48,12498487;4579;16;1849;856;1;1;0;111;1;84;301;17;8;210;198;3637;1147;84;1;0;1991;1;0;0;11;0;185;92;4;63;83;3662
13;Samambaia;1201;ESCOLA CLASSE 431;SAMAMBAIA;QS 431 AE 01;-15,89561748;-48,14383065;5550;18;2194;1075;4;1;0;127;4;75;450;24;4;262;239;4459;1428;97;0;2;2403;3;0;0;6;0;196;129;3;78;114;4459
13;Samambaia;1244;CENTRO DE ENSINO FUNDAMENTAL 312;SAMAMBAIA;QS 312  CONJUNTO 05 LOTE 01;-15,87641982;-48,06820414;5400;18;2190;1144;2;1;2;128;1;84;375;23;11;231;217;4409;1316;110;1;0;2464;2;1;2;8;1;214;127;3;70;90;4409
13;Samambaia;1317;ESCOLA CLASSE 108;SAMAMBAIA;QS 108/110 AE 01;-15,87274918;-48,07486944;6926;20;2792;1524;7;2;0;177;5;106;544;22;6;269;298;5752;1815;144;1;1;3178;0;1;0;9;0;269;145;4;82;103;5752
13;Samambaia;1325;CENTRO DE ENSINO FUNDAMENTAL 120;SAMAMBAIA;QN 120/122 CONJUNTO 04 LOTE 01;-15,8696553;-48,0598302;5467;15;2233;1270;8;4;1;146;3;84;357;16;10;191;234;4557;1457;117;1;1;2441;0;0;3;13;0;214;133;7;69;101;4557
13;Samambaia;1341;ESCOLA CLASSE 303;SAMAMBAIA;QR 303 CONJUNTO 12;-15,88233389;-48,0942361;4187;12;1732;820;2;1;1;133;0;71;245;18;6;173;174;3376;1027;73;0;1;1868;1;1;0;8;0;180;95;4;47;71;3376
13;Samambaia;1376;ESCOLA CLASSE 614;SAMAMBAIA;QR 614 AREA ESPECIAL 01;-15,8534442;-48,0745287;3174;10;1276;796;5;0;3;103;2;40;201;14;6;101;136;2683;877;57;1;0;1409;2;0;1;5;0;158;71;2;42;58;2683
13;Samambaia;1414;CENTRO DE ENSINO MÉDIO 414;SAMAMBAIA;QS 414 AE 01;-15,85855639;-48,07198654;6535;18;2672;1535;1;2;2;215;0;107;421;26;12;270;266;5529;1718;196;2;0;2957;2;0;3;17;0;254;157;7;94;122;5529
13;Samambaia;1422;ESCOLA CLASSE 604;SAMAMBAIA;QS 604 AE;-15,86140075;-48,08756097;4354;12;1827;1045;4;2;1;126;4;71;257;17;6;144;155;3659;1193;104;1;0;1985;0;0;0;3;1;170;110;5;43;44;3659
13;Samambaia;1430;CENTRO DE ENSINO FUNDAMENTAL 619;SAMAMBAIA;QS 619 AE 01;-15,87905997;-48,12262666;3183;9;1250;613;2;2;0;56;3;36;218;15;13;133;147;2488;760;66;2;0;1367;0;0;0;0;0;120;50;7;48;68;2488
13;Samambaia;1449;ESCOLA CLASSE 318;SAMAMBAIA;QN 318 CONJUNTO 04 LOTE 01;-15,8756627;-48,0629318;5151;15;2124;1118;4;7;0;112;0;67;365;20;8;161;233;4219;1338;101;2;1;2300;1;0;0;5;0;212;119;3;50;87;4219
13;Samambaia;1457;ESCOLA CLASSE 121;SAMAMBAIA;QS 121 CONJUNTO 01 LOTE 01;-15,89271831;-48,12059034;3772;13;1567;760;10;1;1;76;0;79;230;34;6;189;163;3116;1021;66;1;0;1662;2;0;0;9;1;167;82;2;79;65;3157
13;Samambaia;1538;CENTRO EDUCACIONAL MYRIAM ERVILHA;SAMAMBAIA SUL;DF 280 KM 14 - SAMAMBAIA;-15,94054661;-48,24179483;5873;16;2469;1081;2;4;0;156;8;63;289;29;5;251;303;4660;1533;93;2;0;2485;1;0;0;6;1;213;112;2;86;126;4660
13;Samambaia;1546;CENTRO DE ENSINO MÉDIO 304;SAMAMBAIA SUL;QS 304 CONJUNTO 4 LOTE 1;-15,87959206;-48,07943572;6129;16;2372;1433;7;1;1;142;6;92;463;18;8;217;260;5020;1619;186;2;0;2640;2;0;1;11;0;267;136;6;59;91;5020
13;Samambaia;1554;CENTRO DE EDUCAÇÃO INFANTIL 307;SAMAMBAIA SUL;QR 307 CONJUNTO 08 AE 01;-15,88546437;-48,09945846;3897;10;1510;828;5;0;2;78;1;59;261;22;8;167;149;3090;1013;73;0;0;1651;4;0;1;11;0;137;87;5;49;59;3090
13;Samambaia;1562;CENTRO DE ENSINO FUNDAMENTAL 427;SAMAMBAIA NORTE;QN 427 AE 2;-15,89225733;-48,13858053;5575;15;2000;1116;8;0;0;106;4;87;414;38;8;233;293;4307;1414;131;0;0;2221;2;0;0;8;6;210;102;3;88;122;4307
13;Samambaia;1570;CAIC AYRTON SENNA;SAMAMBAIA SUL;QR 117 SETOR URBANO;-15,89011669;-48,11210493;4251;11;1585;876;4;2;0;86;0;75;281;21;8;153;183;3274;1217;85;1;1;1763;0;0;0;3;0;154;75;2;43;76;3420
13;Samambaia;1589;ESCOLA CLASSE 419;SAMAMBAIA NORTE;QS 419 AE 01;-15,8849133;-48,1193767;3852;12;1528;770;2;0;1;83;1;73;267;31;11;170;184;3121;1023;50;1;0;1650;0;0;0;6;0;156;91;7;53;84;3121
13;Samambaia;1597;CAIC HELENA REIS;SAMAMBAIA NORTE;QR 409 AE 01;-15,8769041;-48,1054568;6070;17;2310;1247;4;1;4;156;2;91;399;33;8;250;275;4780;1536;132;2;1;2523;1;0;0;4;1;235;137;3;88;117;4780
13;Samambaia;1600;CCI SÊNIOR;SAMAMBAIA NORTE;QN 401 CONJUNTO D LOTES 01/02;-15,866645;-48,095936;9088;27;3806;2054;6;1;3;272;9;135;574;45;17;342;355;7619;2387;207;2;0;4219;3;0;2;18;0;323;197;5;121;135;7619
13;Samambaia;1619;CENTRO DE ENSINO 412;SAMAMBAIA NORTE;QN 412 AREA ESPECIAL 01;-15,8569617;-48,0747817;5461;14;2084;1257;5;3;0;177;2;91;319;19;15;204;179;4355;1408;138;3;0;2330;2;0;0;10;1;198;126;5;54;80;4355
13;Samambaia;1627;ESCOLA CLASSE 831;SAMAMBAIA NORTE;QR 831 LOTE 01;-15,88801675;-48,14763115;644;2;217;141;0;0;0;6;0;10;36;6;0;34;27;477;180;20;0;1;222;0;0;0;0;0;19;11;0;16;9;478
13;Samambaia;1678;CENTRO DE ENSINO FUNDAMENTAL 411;SAMAMBAIA NORTE;QN 411 AE SETOR NORTE - SAMAMBAIA NORTE;-15,87770285;-48,11042322;4920;16;1953;910;9;4;1;93;3;71;410;17;6;214;217;3908;1192;90;0;0;2116;2;0;0;9;0;225;104;5;66;99;3908
14;Plano Piloto (Asa Norte);1015;CEF 102 NORTE;ASA NORTE;SQN 102 NORTE AREA ESPECIAL;-15,7817015;-47,8831113;2728;8;1085;542;1;2;0;159;1;38;118;4;9;61;57;2077;602;65;2;1;1215;0;0;2;12;0;83;46;3;22;24;2077
14;Plano Piloto (Asa Norte);1023;CENTRO DE ENSINO FUNDAMENTAL 104 NORTE;ASA NORTE;SQN 104;-15,775119;-47,8835488;2538;7;780;771;2;0;1;118;0;59;122;10;8;60;54;1985;863;45;1;0;880;1;0;0;20;0;83;43;5;22;22;1985
14;Plano Piloto (Asa Norte);1031;CENTRO EDUCACIONAL LEONARDO DA VINCI;ASA NORTE;SGAN 914 CONJUNTO I;-15,7465417;-47,9013335;9772;29;2515;3625;4;2;7;572;4;223;518;14;22;169;229;7904;3957;228;8;2;2921;1;0;4;46;6;351;204;11;66;99;7904
14;Plano Piloto (Asa Norte);1040;COLEGIO SANTA DOROTEIA;ASA NORTE;SGAN 911 MODULO B;-15,7577911;-47,8994574;3424;17;940;1238;3;0;0;173;0;75;194;9;7;69;67;2775;1357;74;1;2;1096;1;0;1;11;0;127;61;6;16;22;2775
14;Plano Piloto (Asa Norte);1058;ESCOLA CLASSE 113 NORTE;ASA NORTE;SQN 113 A/E;-15,7474023;-47,8906228;3291;9;1285;829;2;0;2;161;2;63;151;4;4;78;80;2661;915;52;0;0;1447;2;0;1;22;4;101;59;2;23;33;2661
14;Plano Piloto (Asa Norte);1074;COLÉGIO EVEREST - HEAVENLY INTERNATIONAL SCHOOL;ASA NORTE;SGAN 606 A/E MODULO A;-15,769075;-47,8749681;4932;17;1627;1531;3;1;3;217;4;92;262;17;9;104;154;4024;1977;82;3;1;1914;2;0;1;18;2;200;91;7;40;56;4394
14;Plano Piloto (Asa Norte);1082;COLEGIO MARISTA JOAO PAULO II;ASA NORTE;SEPN 702 LOTE B;-15,7821155;-47,8878824;4912;13;1671;1405;5;1;1;304;5;97;265;2;16;111;111;3994;1592;112;4;1;1910;4;0;0;31;0;174;75;7;33;51;3994
14;Plano Piloto (Asa Norte);1090;ESCOLA CLASSE 304 NORTE;ASA NORTE;SQN 304;-15,7764186;-47,8862008;2621;7;956;698;2;0;1;133;2;55;130;1;9;53;74;2114;773;53;2;0;1126;0;0;0;11;0;66;36;3;17;29;2116
14;Plano Piloto (Asa Norte);1104;ESCOLA CLASSE 415 NORTE;ASA NORTE;SQN 415;-15,7398449;-47,8864887;2152;6;427;1100;3;0;2;86;0;55;118;1;6;47;43;1888;1187;44;2;3;478;0;0;2;11;0;74;50;4;18;15;1888
14;Plano Piloto (Asa Norte);1112;ESCOLA CLASSE 312 NORTE;ASA NORTE;SQN 312;-15,752409;-47,8926813;2558;7;693;926;4;0;3;135;0;66;137;6;6;51;62;2089;1041;40;2;0;795;0;0;1;18;0;97;50;3;16;26;2089
14;Plano Piloto (Asa Norte);1120;CENTRO DE EDUCACAO INFANTIL 316 NORTE;ASA NORTE;SQN  316;-15,7386999;-47,8965955;3209;9;708;1333;1;0;2;182;2;87;167;1;5;65;54;2607;1435;62;1;2;863;2;0;1;15;0;96;75;1;30;24;2607
14;Plano Piloto (Asa Norte);1139;ESCOLA CLASSE 403 NORTE;ASA NORTE;SQN 403 A/E;-15,7775089;-47,8759512;3011;8;872;1127;1;0;0;151;3;80;153;4;10;73;42;2516;1237;60;3;0;995;2;0;1;16;0;106;47;6;30;13;2516
14;Plano Piloto (Asa Norte);1147;ESCOLA CLASSE 405 NORTE;ASA NORTE;SQN 405 A/E;-15,7709771;-47,8771524;2419;7;635;1001;4;0;2;121;0;62;105;5;7;30;63;2035;1096;48;0;0;709;2;0;1;11;0;77;49;3;17;22;2035
14;Plano Piloto (Asa Norte);1155;ESCOLA CLASSE 407 NORTE;ASA NORTE;SQN 407 A/E;-15,7622441;-47,8786468;1863;5;461;800;0;0;1;71;4;42;87;2;3;40;42;1553;853;38;0;0;516;0;0;1;12;1;64;32;5;11;20;1553
14;Plano Piloto (Asa Norte);1163;CENTRO DE ENSINO FUNDAMENTAL 410 NORTE;ASA NORTE;SQN 410 A/E;-15,7551182;-47,8813859;2832;8;639;1219;8;2;1;111;3;67;152;2;13;68;66;2351;1330;49;5;0;744;1;0;1;17;1;88;52;8;24;31;2351
14;Plano Piloto (Asa Norte);1171;ESCOLA CLASSE 411 NORTE;ASA NORTE;SQN 411 ÁREA ESPECIAL;-15,7527549;-47,8822021;2489;7;560;1093;2;0;1;148;1;54;143;2;5;47;48;2104;1151;46;6;1;691;2;0;3;18;0;77;57;2;22;28;2104
14;Plano Piloto (Asa Norte);1201;IFB - INSTITUTO FEDERAL DE BRASILIA;ASA NORTE;SGAN 610 (610 NORTE), MÓDULO D, E, F E G;-15,7538906;-47,8794926;4291;18;1115;1630;1;1;6;199;6;95;185;8;13;99;102;3460;2305;82;1;3;1348;3;0;4;18;1;173;101;5;45;44;4133
14;Plano Piloto (Asa Norte);1236;CENTRO EDUCACIONAL GISNO;ASA NORTE;SGAN 907 MODULO A;-15,7689902;-47,8943568;3345;13;985;1184;2;0;3;138;1;91;179;3;8;88;84;2766;1310;80;1;1;1117;0;0;1;15;0;102;62;7;30;40;2766
14;Plano Piloto (Asa Norte);1317;UNICEUB;ASA NORTE;SEPN 707/907;-15,767;-47,8936627;9735;33;2948;3096;6;5;5;488;8;209;496;12;31;226;248;7778;4052;231;6;0;3623;0;0;8;45;2;346;199;17;85;99;8713
14;Plano Piloto (Asa Norte);1333;FUNDACAO LOGOSOFICA;ASA NORTE;HCGN 704 A/E;-15,7766889;-47,8903814;2264;8;742;711;3;1;2;143;1;44;110;1;7;43;58;1866;970;55;2;0;932;0;0;0;16;1;86;54;6;17;22;2161
14;Plano Piloto (Asa Norte);1384;ESCOLA CLASSE 115 NORTE;ASA NORTE;SQN 115;-15,7411657;-47,8927071;4104;11;1228;1584;4;0;3;211;5;94;189;1;7;71;91;3488;1692;82;4;2;1432;1;0;2;34;1;115;66;2;24;33;3490
14;Plano Piloto (Asa Norte);1406;COLEGIO MADRE CARMEN SALLES;ASA NORTE;SGAN 604 LOTE D;-15,7748307;-47,8741091;3045;8;884;1046;1;1;2;167;0;58;182;4;3;64;80;2492;1119;70;0;0;1051;1;0;2;14;1;116;64;1;22;31;2492
14;Plano Piloto (Asa Norte);1457;COLÉGIO IDEAL;ASA NORTE;SGAN 916 MODULO B;-15,7420028;-47,9029755;4222;12;1145;1565;3;0;3;206;0;108;251;3;14;116;100;3514;1735;102;1;0;1279;3;0;3;24;2;169;110;11;41;35;3515
14;Plano Piloto (Asa Norte);1465;CENTRO DE ENSINO MEDIO PAULO FREIRE;ASA NORTE;SGAN 610 MODULO A;-15,7559248;-47,8784394;2489;7;496;1182;6;1;3;106;1;53;125;3;11;66;51;2104;1269;69;3;2;554;3;0;2;11;1;90;41;7;24;29;2105
14;Plano Piloto (Asa Norte);1481;CEAN - CENTRO DE ENSINO MEDIO ASA NORTE;ASA NORTE;SGAN 606 MODULO G/H;-15,7665324;-47,8748402;3763;10;975;1513;5;2;2;136;3;78;148;3;16;99;83;3063;1630;123;3;4;1035;0;0;2;17;0;114;68;7;30;31;3064
14;Plano Piloto (Asa Norte);1490;CENTRO DE ENSINO FUNDAMENTAL 7 DE BRASILIA;ASA NORTE;SGAN 912 MODULO A/B;-15,7548015;-47,8985048;4486;12;1168;1743;4;1;1;205;0;88;204;5;20;118;117;3674;1867;95;7;0;1373;2;0;2;19;1;130;81;11;50;36;3674
14;Plano Piloto (Asa Norte);1562;UNB - PAVILHAO JOAO CALMON;ASA NORTE;CAMPUS UNIVERSITARIO DARCY RIBEIRO;-15,7589074;-47,8701088;1926;6;350;990;2;0;0;69;0;57;70;2;11;30;39;1620;1308;30;3;1;411;1;0;0;6;0;65;37;12;10;20;1904
14;Plano Piloto (Asa Norte);1570;CENTRO DE ENSINO FUNDAMENTAL GAN;ASA NORTE;SGAN 603, AREA ESP. - MODULO H;-15,7761863;-47,8738837;2694;8;817;964;0;0;2;145;1;55;106;2;7;55;41;2195;1038;60;1;2;905;3;0;1;15;0;74;59;7;15;15;2195
14;Plano Piloto (Asa Norte);1589;COLEGIO SAGRADA FAMILIA;ASA NORTE;SGAN 906 LOTE C;-15,771524;-47,8925412;2918;11;1032;870;5;2;1;154;2;54;153;6;6;69;68;2422;1352;79;3;1;1407;3;0;0;14;2;106;62;3;23;29;3084
14;Plano Piloto (Asa Norte);1619;ESCOLA PARQUE 210 NORTE;ASA NORTE;EQN 210/211 A/E;-15,7541931;-47,8839131;2954;8;720;1236;1;1;2;144;3;65;147;5;7;54;64;2449;1323;54;1;2;830;0;0;2;6;0;119;58;9;19;29;2452
14;Plano Piloto (Asa Norte);1651;CENTRO EDUCACIONAL SIGMA;ASA NORTE;SGAN 910 MÓDULO E;-15,7592879;-47,8962181;3426;9;917;1333;6;2;4;246;2;88;164;3;9;81;64;2919;1428;126;3;1;1053;2;0;2;20;0;147;63;7;34;33;2919
15;Águas Claras;1015;CENTRO EDUCACIONAL Nº 02;TAGUATINGA SUL;EQSA 25/24 QSD 09/11  AE S/N;-15,84246518;-48,04783904;5635;16;2119;1499;3;4;5;194;8;77;340;6;8;170;178;4611;1716;128;1;1;2413;3;0;4;11;0;200;120;11;60;74;4742
15;Águas Claras;1023;CEF Nº 15;TAGUATINGA SUL;QSA 03/04 ÁREA ESPECIAL;-15,83480489;-48,054314;4904;15;1875;1329;6;1;3;179;0;67;305;15;8;152;158;4098;1425;112;5;0;2132;1;0;2;8;2;175;115;5;58;58;4098
15;Águas Claras;1058;ESCOLA TÉCNICA DE BRASÍLIA;TAGUATINGA SUL;QS 07 LOTE 02/08 - AVENIDA ÁGUAS CLARAS - VILA AREAL;-15,8608101;-48,0281104;3780;12;1584;771;3;1;3;120;0;33;250;10;4;134;179;3092;923;95;0;2;1743;1;0;0;4;0;127;74;4;39;80;3092
15;Águas Claras;1090;CEF Nº 8;TAGUATINGA NORTE;QNA 52 ÁREA ESPECIAL S/ N;-15,81756311;-48,05867197;3603;10;1308;997;0;4;1;158;2;50;234;12;7;100;122;2995;1069;78;0;0;1535;0;0;1;9;4;155;70;6;24;44;2995
15;Águas Claras;1112;ESCOLA CLASSE N 1;TAGUATINGA SUL;QSC 01 AE 01;-15,83627769;-48,06177765;982;3;392;224;0;0;0;37;0;14;61;5;0;29;32;794;257;10;0;0;445;0;0;0;5;0;40;14;0;14;9;794
15;Águas Claras;1120;CEMAB - CENTRO DE ENSINO MÉDIO AVE BRANCA;TAGUATINGA SUL;QSA 03/05 ÁREA ESPECIAL;-15,83547247;-48,05395653;7706;24;2746;2228;9;5;0;275;3;120;407;24;18;222;232;6289;2447;218;5;2;3036;1;0;0;18;5;232;146;14;79;87;6290
15;Águas Claras;1139;CEF Nº 10;TAGUATINGA SUL;QSE 05/07 ÁREA ESPECIAL N 01;-15,8566145;-48,0413253;4900;15;1892;1182;4;3;0;170;3;71;277;10;6;158;170;3946;1386;113;2;0;2030;1;0;2;6;0;174;102;7;52;71;3946
15;Águas Claras;1147;ESCOLA CLASSE N 11;TAGUATINGA SUL;QSE 12/14  AE S/N;-15,8563944;-48,0441624;2584;10;1016;611;1;0;0;101;1;36;144;13;1;71;121;2116;751;33;0;1;1157;0;0;0;5;0;118;50;2;27;47;2191
15;Águas Claras;1180;CENTRO DE EDUCAÇÃO INFANTIL Nº 04;TAGUATINGA NORTE;ECNA 01/02 ÁREA ESPECIAL S/ N;-15,8271004;-48,0580983;1537;6;579;409;0;0;1;64;1;8;94;3;4;35;54;1252;582;27;2;0;764;2;0;0;5;0;50;17;1;12;25;1487
15;Águas Claras;1198;CEF Nº 3;TAGUATINGA SUL;EQSA 25/24 QSD 09/11 ÁREA ESPECIAL S/ N;-15,84011006;-48,04913507;5662;18;2147;1555;4;5;2;203;3;91;359;10;16;156;169;4720;1729;128;0;2;2387;1;1;2;17;0;199;130;0;56;68;4720
15;Águas Claras;1210;ESCOLA CLASSE 54 (CEF  Nº 18 - ESCOLA NORMAL);TAGUATINGA SUL;QSD 32 ÁREA P/ ESCOLA N 02;-15,8534411;-48,0482625;2932;10;1219;685;2;0;0;109;4;43;199;13;4;71;92;2441;786;33;0;0;1324;1;0;0;8;0;136;73;5;29;46;2441
15;Águas Claras;1228;CENTRO DE ENS MÉDIO Nº 3;TAGUATINGA SUL;QSE 05 ÁREA ESPECIAL N 14;-15,8599007;-48,0398689;4503;17;1751;1113;4;2;1;164;4;63;310;16;7;119;140;3694;1352;118;2;0;2095;1;0;0;14;1;187;119;6;45;54;3994
15;Águas Claras;1287;CILT - CENTRO INTERESCOLAR DE LINGUAS DE TAGUATINGA;TAGUATINGA SUL;QSB 02/03 ÁREA ESPECIAL N 03/04;-15,83620417;-48,0585088;3878;12;1542;1005;5;1;0;151;3;57;254;9;10;103;129;3269;1113;110;3;0;1724;1;0;2;7;0;138;81;5;33;52;3269
15;Águas Claras;1295;ESCOLA CLASSE ARNIQUEIRA;TAGUATINGA SUL;SMPW 04 CJ 04 LT 05 - COL. AGR. ARNIQUEIRA;-15,8620224;-48,0008601;1724;5;727;380;1;0;0;74;0;18;126;2;4;45;48;1425;425;53;1;0;817;0;0;0;3;0;60;33;1;14;18;1425
15;Águas Claras;1309;CENTRO EDUC STELLA MARIS;TAGUATINGA CENTRO;SETOR C 07 - PARTE B - AE P/ IGREJA CATÓLICA;-15,83162239;-48,05604948;5476;18;2063;1507;6;1;0;243;1;86;310;13;11;139;165;4545;1637;88;4;2;2344;1;0;0;22;1;180;130;8;55;73;4545
15;Águas Claras;1317;ESCOLA LA SALLE;AGUAS CLARAS - TAGUATINGA SUL;QUADRA 301 ÁREA ESPECIAL S/N;-15,82714853;-48,0115112;12777;38;4665;3478;9;5;2;733;6;232;772;22;22;323;343;10612;3822;325;6;3;5361;1;0;2;61;7;523;315;8;80;101;10615
15;Águas Claras;1384;COLEGIO LEONARDO DA VINCI;AREAL (ÁGUAS CLARAS);QS 03 RUA 420 LOTE 02;-15,8471366;-48,0413552;11516;37;4494;2896;5;2;3;489;8;180;686;32;12;272;293;9372;3230;294;5;1;4966;2;0;2;40;2;399;226;12;91;102;9372
15;Águas Claras;1392;ESCOLA CLASSE VILA AREAL;AREAL (ÁGUAS CLARAS);QS 06 CONJUNTO 430;-15,8598161;-48,0251492;2501;8;960;518;2;1;0;64;0;27;165;11;2;125;100;1975;660;43;0;1;1073;2;0;0;4;1;67;51;0;36;37;1975
15;Águas Claras;1414;UNIPLAN -CENTRO UNIVERSITÁRIO PLANALTO DO DISTRITO FEDERAL;AGUAS CLARAS - TAGUATINGA SUL;AVENIDA PAU BRASIL, LOTE 2 - ÁGUAS CLARAS - DISTRITO FEDERAL;-15,83708867;-48,02628136;9318;26;3290;2757;9;2;5;460;4;168;597;24;30;203;251;7800;2982;261;10;0;3701;2;0;1;44;1;362;226;13;86;111;7800
15;Águas Claras;1422;CENTRO DE EDUCAÇÃO INFANTIL ÁGUAS CLARAS;AREAL (ÁGUAS CLARAS);QS 11, A/E 01 - AREAL(ÁGUAS CLARAS) - DISTRITO FEDERAL;-15,8706858;-48,0148982;2960;9;1214;573;2;3;0;85;1;27;198;17;5;90;137;2352;809;60;2;0;1322;1;0;0;8;0;90;55;1;24;57;2429
15;Águas Claras;1449;CENTRO UNIVERSITARIO EURO AMERICANO - UNIEURO;AGUAS CLARAS - TAGUATINGA SUL;AVENIDA CASTANHEIRAS LOTE 370;-15,83174916;-48,0379144;14011;41;5326;3871;6;5;9;676;4;238;877;25;20;327;374;11758;4217;298;3;1;5949;6;0;6;62;0;590;359;12;105;154;11762
15;Águas Claras;1457;CENTRO EDUCACIONAL CATOLICA DE BRASILIA;AREAL (ÁGUAS CLARAS);QS 07 LOTE 1 EPCT - TAGUATINGA SUL;-15,8624774;-48,0327782;9647;28;3584;2299;6;3;2;390;7;137;548;18;21;280;323;7618;2605;244;2;0;3949;3;2;2;17;0;322;230;12;111;120;7619
15;Águas Claras;1465;COLÉGIO MARISTA - ÁGUAS CLARAS;AGUAS CLARAS - TAGUATINGA SUL;RUA TAMBORIL LOTE 1;-15,8366735;-48,008768;6886;20;2608;2022;2;0;0;395;11;133;430;12;11;162;192;5978;2186;150;7;1;3038;2;0;0;37;0;272;160;3;45;77;5978
15;Águas Claras;1481;CENTRO EDUCACIONAL SIGMA;SUL (AGUAS CLARAS);RUA 14 SUL, LOTE 06;-15,8388444;-48,0189476;5920;17;2079;1648;4;1;1;291;2;110;373;15;3;143;154;4824;1809;120;6;1;2434;1;0;2;15;2;194;125;5;50;60;4824
15;Águas Claras;1490;ESCOLA ATUAL;AGUAS CLARAS - TAGUATINGA SUL;QUADRA 204, LOTE 01;-15,8407395;-48,0180585;3784;12;1366;1135;1;0;3;193;2;67;266;10;7;100;111;3261;1256;105;0;3;1538;0;0;1;23;3;152;86;7;36;51;3261
15;Águas Claras;1538;COLÉGIO OLIMPO LTDA;SUL (AGUAS CLARAS);RUA 7 SUL, LOTE 04;-15,8362151;-48,0131372;3204;10;1095;943;4;0;3;154;2;64;184;7;3;87;86;2632;1019;83;2;0;1238;2;0;1;19;0;117;78;3;33;37;2632
15;Águas Claras;1562;FACULDADE PROCESSUS - CAMPUS II;AGUAS CLARAS - TAGUATINGA SUL;AVENIDA ARAUCÁRIAS N. 4400;-15,83376806;-48,04537393;3039;9;1082;916;2;1;1;145;0;46;174;5;4;78;83;2537;964;96;2;2;1186;1;0;1;12;0;120;86;5;30;32;2537
15;Águas Claras;1600;COLÉGIO IDEAL;SUL (AGUAS CLARAS);AVENIDA JEQUITIBÁ N. 325;-15,8402742;-48,0376009;5044;15;1625;1627;6;1;0;251;2;85;247;6;21;133;124;4128;1760;176;3;1;1778;2;0;0;21;1;170;106;12;40;58;4128
15;Águas Claras;1619;COLÉGIO VISÃO;NORTE (AGUAS CLARAS);RUA 25 NORTE, LOTE 04;-15,83775938;-48,02991966;1977;6;633;572;0;1;2;108;1;38;116;4;5;48;54;1582;627;57;0;1;712;1;0;0;5;0;71;60;5;15;29;1583
15;Águas Claras;1643;COLÉGIO ANCHIETA - TAGUATINGA;TAGUATINGA SUL;QSC 19, QUADRA 27 CONJUNTO A, LOTE 16, ST DE CHÁCARAS - PRIMAVERA, TAG;-15,8513838;-48,0655976;592;2;235;129;0;0;0;36;1;8;37;2;1;25;20;494;141;35;0;0;285;0;0;0;1;0;8;10;2;7;7;496
15;Águas Claras;1651;CEUB - ÁGUAS CLARAS;AGUAS CLARAS - TAGUATINGA SUL;RUA 214 LOTE 1/17 QS 01 TAGUATINGA SUL - DF;-15,83511542;-48,04579918;2475;8;918;703;1;1;0;112;0;39;148;5;2;70;64;2063;928;93;1;2;1055;0;0;0;10;1;86;66;6;27;26;2301
15;Águas Claras;1678;COLÉGIO ADVENTISTA;SUL (AGUAS CLARAS);AVENIDA SIBIPIRUNA, LOTES 24, 26 E 28;-15,8454312;-48,0326862;4900;15;1685;1705;5;2;0;269;3;94;220;1;15;124;125;4248;2016;228;0;1;1866;0;0;1;14;0;176;111;7;44;42;4506
15;Águas Claras;1686;COLÉGIO IDEAL MANACÁ;NORTE (AGUAS CLARAS);RUA MANACÁ, BLOCO 2;-15,8355067;-48,0081015;3566;11;1087;1334;2;2;2;201;2;71;161;8;7;77;95;3049;1547;131;1;0;1251;1;1;0;16;1;116;98;12;24;41;3240
15;Águas Claras;1694;COLÉGIO OBJETIVO - ÁGUAS CLARAS;NORTE (AGUAS CLARAS);AV. PAU BRASIL, 02 - BLOCO F - ÁGUAS CLARAS, BRASÍLIA - DF;-15,83703795;-48,02583796;4325;12;1484;1370;2;0;1;237;1;84;257;6;6;92;109;3649;1473;92;1;0;1734;1;0;0;16;0;166;75;4;39;48;3649
16;Ceilândia;1040;ESCOLA CLASSE 61;CEILANDIA NORTE;QNQ 4 LOTE A SETOR Q;-15,8051679;-48,1441032;4793;16;1962;1047;3;1;1;89;2;61;379;25;3;199;212;3984;1364;72;2;0;2078;2;0;1;8;0;199;92;2;68;96;3984
16;Ceilândia;1058;ESCOLA CLASSE 16;CEILANDIA NORTE;EQNO 04/06 - SETOR O;-15,7910067;-48,1213467;3344;10;1373;793;2;0;2;78;0;43;193;15;1;106;148;2754;916;51;2;1;1494;1;0;1;7;0;124;72;0;24;61;2754
16;Ceilândia;1066;ESCOLA CLASSE 17;CEILANDIA NORTE;EQNO 01/03 - SETOR O;-15,7972049;-48,1229373;2913;13;1228;684;3;1;1;79;0;44;188;15;7;96;111;2457;787;48;2;0;1355;2;0;1;2;1;105;66;0;32;56;2457
16;Ceilândia;1074;CENTRO EDUCACIONAL 14 (ANTIGO CE 15);CEILANDIA NORTE;EQNO 11/13 - SETOR O;-15,7939583;-48,1294683;6121;20;2451;1340;4;1;2;145;3;103;405;28;6;245;276;5009;1626;131;2;0;2653;2;1;1;1;1;242;141;1;92;115;5009
16;Ceilândia;1082;ESCOLA CLASSE 33;CEILANDIA NORTE;EQNO 13/15 - SETOR O;-15,78883;-48,1314467;5259;17;2132;1186;5;1;1;107;2;65;348;39;6;176;242;4310;1414;72;0;0;2334;1;0;1;3;2;223;94;5;65;96;4310
16;Ceilândia;1090;CENTRO DE ENSINO FUNDAMENTAL 26 (ANTIGA EC 30);CEILANDIA NORTE;EQNO 5/7 - SETOR O;-15,7863785;-48,1262546;4013;15;1570;931;4;0;1;85;2;60;289;24;9;174;156;3305;1133;87;2;0;1789;1;0;0;4;0;145;92;4;66;68;3391
16;Ceilândia;1104;ESCOLA CLASSE 62;CEILANDIA NORTE;QNQ 01 - AREA ESPECIAL;-15,80371;-48,1393017;4762;14;1883;1103;3;2;2;92;2;71;303;32;8;191;248;3940;1326;65;0;0;2027;1;0;1;6;0;219;98;5;81;111;3940
16;Ceilândia;1120;ESCOLA CLASSE 34;CEILANDIA NORTE;EQNP 17/13 - SETOR P NORTE;-15,8074483;-48,1311983;3235;14;1307;766;1;0;1;68;2;46;183;20;8;115;143;2660;938;26;0;0;1393;2;0;1;2;2;131;56;3;43;63;2660
16;Ceilândia;1139;CENTRO DE ENSINO FUNDAMENTAL 12;CEILANDIA NORTE;EQNO 02/04 - SETOR O;-15,7962933;-48,1193967;4223;11;1643;929;2;1;1;105;2;71;227;25;9;165;161;3341;1089;96;0;0;1802;1;0;1;7;0;165;75;2;39;64;3341
16;Ceilândia;1147;ESCOLA CLASSE 31;CEILANDIA NORTE;EQNO 09/11 - SETOR O;-15,7991917;-48,12726;4237;16;1714;1066;2;0;0;76;3;54;256;20;5;159;185;3540;1248;59;0;0;1776;4;0;1;7;0;198;106;4;53;84;3540
16;Ceilândia;1155;CENTRO DE ENSINO FUNDAMENTAL 31 (ANTIGO CE 17 E 53);CEILANDIA NORTE;EQNO 17 CONJUNTO H LOTE 02 - EXPANSÃO SETOR O;-15,799005;-48,1347717;5119;15;1970;1101;4;0;0;99;4;81;387;32;9;223;216;4126;1356;86;2;2;2201;1;0;0;4;1;209;98;8;73;85;4126
16;Ceilândia;1163;CENTRO DE ENSINO MÉDIO 09;CEILANDIA NORTE;EQNO 03/05 SETOR O;-15,79147;-48,124305;6278;16;2437;1542;2;2;0;156;0;119;426;28;7;225;256;5200;1740;162;3;0;2708;1;0;1;6;2;260;130;6;69;112;5200
16;Ceilândia;1171;CENTRO DE ENSINO FUNDAMENTAL BOA ESPERANÇA;CEILANDIA NORTE;BR 070 - DF 180/190 FAZENDA CACHOEIRA NUCLEO RURAL BOA ESPERANCA;-15,82832;-48,2466483;989;3;490;139;2;0;0;20;0;6;51;6;0;47;33;794;217;13;2;0;478;0;0;0;1;0;45;9;0;19;10;794
16;Ceilândia;1180;CENTRO DE ENSINO FUNDAMENTAL 30;CEILANDIA NORTE;AREA ESPECIAL FRENTE MODULO 07 -  CONDOMINIO PRIVE;-15,7855783;-48,1371067;4217;11;1562;889;6;0;0;69;1;90;262;16;7;169;218;3289;1147;73;1;0;1693;2;0;0;8;0;159;75;3;46;82;3289
16;Ceilândia;1198;CENTRO EDUCACIONAL INCRA 09;CEILANDIA NORTE;NRAG - NUCLEO RURAL ALEXANDRE GUSMAO KM 16 BR 070 INCRA 09;-15,784164;-48,1938902;1543;5;764;218;0;0;0;9;0;17;48;6;3;39;59;1163;347;22;0;0;674;1;0;0;2;0;49;30;0;16;23;1164
16;Ceilândia;1210;ESCOLA CLASSE 38;CEILANDIA NORTE;EQNP 15/19 - AREA ESPECIAL - SETOR P NORTE;-15,8086433;-48,1352633;3808;10;1443;930;3;0;0;91;1;56;246;23;3;134;185;3115;1090;83;2;1;1567;0;1;0;4;0;133;81;2;59;92;3115
16;Ceilândia;1228;CENTRO DE ENSINO MEDIO 12;CEILANDIA NORTE;QNP 13 - AREA ESPECIAL - SETOR P NORTE;-15,8097233;-48,12998;2636;7;849;742;2;2;1;44;4;33;176;9;9;127;85;2083;865;109;5;0;962;1;1;0;1;0;70;70;4;25;34;2147
16;Ceilândia;1236;ESCOLA CLASSE 55;CEILANDIA NORTE;EQNO 19/20 - CONJUNTO C -  ÁREA ESPECIAL - EXPANSÃO SETOR O;-15,790365;-48,14218;2601;7;953;554;1;1;0;45;1;38;173;15;3;121;130;2035;706;55;1;0;1031;1;0;0;1;0;91;51;1;44;53;2035
16;Ceilândia;1244;ESCOLA CLASSE 56;CEILANDIA NORTE;EQNO 18 CONJUNTO I LOTE 2 - EXPANSÃO DO SETOR O;-15,7944199;-48,1364166;3107;8;1189;658;3;1;1;75;0;35;185;17;4;110;126;2404;823;51;0;1;1243;1;0;0;1;0;127;56;3;43;55;2404
16;Ceilândia;1252;CENTRO DE ENSINO FUNDAMENTAL 34 (ANTIGA EC 60);CEILANDIA NORTE;QNO 19 CONJUNTO B LOTE 01 - EXPANSÃO DO SETOR O;-15,7941342;-48,1387904;4380;12;1538;956;5;0;1;76;1;56;317;15;7;192;194;3358;1183;95;3;0;1714;2;0;0;0;0;147;75;4;55;80;3358
16;Ceilândia;1260;CENTRO EDUCACIONAL 16 (ANTIGO CEF 24);CEILANDIA NORTE;QNQ 03;-15,8042418;-48,1433863;3940;11;1631;717;1;1;3;80;1;55;217;23;4;205;150;3088;935;82;0;1;1717;0;0;0;5;2;145;73;6;54;68;3088
16;Ceilândia;1279;ESCOLA CLASSE 65;CEILANDIA NORTE;QNR 02 - ÁREA ESPECIAL 04;-15,8065127;-48,1602275;4384;12;1754;901;7;3;0;69;0;65;272;32;4;176;197;3480;1252;67;1;1;1766;3;0;0;9;1;147;80;4;54;95;3480
16;Ceilândia;1287;CENTRO DE ENSINO FUNDAMENTAL 27;CEILANDIA NORTE;QNR 01 AREA ESPECIAL03;-15,8054776;-48,1509369;5855;15;2114;1205;4;0;1;126;1;102;401;25;8;249;261;4497;1533;126;3;0;2283;1;0;1;9;1;230;125;7;81;97;4497
16;Ceilândia;1295;CENTRO DE ENSINO FUNDAMENTAL 28;CEILANDIA NORTE;QNP 21 AREA ESPECIAL - SETOR HABITACIONAL SOL NASCENTE;-15,8113383;-48,1398417;3122;8;1160;695;2;3;0;58;1;52;179;8;2;145;132;2437;904;93;1;1;1173;0;0;0;4;0;87;62;2;55;56;2438
16;Ceilândia;1309;ESCOLA CLASSE DO SETOR P NORTE;CEILANDIA NORTE;RUA DA CASCALHEIRA S/N - VC 311;-15,8321067;-48,1380483;1444;4;557;329;1;1;0;16;0;22;71;9;3;63;50;1122;476;23;0;0;493;1;0;0;2;0;51;29;0;22;25;1122
16;Ceilândia;1317;ESCOLA CLASSE 66;CEILANDIA NORTE;AV.CORREGO DAS CORUJAS S/N - SETOR HABITACIONAL SOL NASCENTE TRECHO 3;-15,8181983;-48,15347;7152;19;2526;1578;2;2;0;100;3;99;546;41;11;287;298;5493;2160;157;1;0;2559;5;1;0;1;0;245;116;8;116;124;5493
16;Ceilândia;1325;CENTRO  EDUCACIONAL 02;SETOR NORTE;PRACA DO LAÇO - SETOR NORTE;-15,6815237;-48,1978244;2911;9;1126;613;5;0;0;44;2;48;197;14;3;110;124;2286;759;61;1;1;1209;0;0;0;4;0;110;62;5;35;39;2286
16;Ceilândia;1333;ESCOLA CLASSE N. 05 - GB;SETOR SUL;AE N. 01;-15,6876528;-48,1915102;1190;4;524;234;1;0;0;20;0;23;85;6;1;35;42;971;310;15;0;0;541;0;0;0;0;0;53;21;1;13;17;971
16;Ceilândia;1341;ESCOLA CLASSE  ALMECEGAS;BRAZLANDIA;ZONA RURAL FAZ. ALMECEGAS BR-080 - DF 206 VC 505;-15,5389083;-48,1688;130;2;42;36;0;0;0;0;0;2;11;4;1;8;8;112;42;2;0;0;45;0;0;0;0;0;14;3;0;4;2;112
16;Ceilândia;1350;CENTRO EDUCACIONAL 04 (CURRALINHO);BRAZLANDIA;BR 080 KM 37 FAZ. CURRALINHO, ESTRADA DE PADRE BERNARDO;-15,5342401;-48,1904894;320;2;132;57;3;0;0;2;1;4;17;0;0;13;11;240;86;5;0;0;116;0;0;0;0;0;19;3;0;3;8;240
16;Ceilândia;1368;CENTRO DE ENSINO ESPECIAL - CENEBRAZ;SETOR NORTE;EQ 2/4 LOTE A - SETOR NORTE;-15,68134;-48,19178;2497;8;999;561;1;0;0;44;0;45;179;8;4;104;88;2033;675;39;0;1;1045;1;0;1;5;0;128;57;0;38;43;2033
16;Ceilândia;1376;ESCOLA CLASSE POLO AGRICOLA TORRE;BRAZLANDIA;ZR - DF 001 (EPCT) DF 430/415 KM 06;-15,6269219;-48,1201314;814;3;375;127;0;0;1;1;0;14;38;9;0;35;43;643;212;6;0;0;333;0;0;1;2;0;30;17;0;15;27;643
16;Ceilândia;1384;ESCOLA CLASSE N 03;SETOR NORTE;EQ 6/8;-15,677175;-48,1928633;2656;8;1063;526;3;0;0;47;2;39;185;25;0;104;121;2115;671;45;1;2;1123;0;0;0;1;0;116;67;1;36;52;2115
16;Ceilândia;1392;ESCOLA CLASSE N 01;SETOR TRADICIONAL;AE N 03;-15,6817084;-48,2018018;1427;6;643;303;0;0;0;34;0;11;72;6;3;54;47;1173;360;14;0;0;675;1;0;0;2;0;65;19;1;15;21;1173
16;Ceilândia;1406;ESCOLA CLASSE N. 01 - INCRA 08;N.R.ALEX. GUSMAO;INCRA 08 - QUADRA 18 LOTE 01;-15,7403201;-48,1702116;2444;7;1009;490;2;0;0;44;2;31;135;7;3;90;125;1938;637;56;0;0;1004;1;0;1;2;0;103;28;4;38;64;1938
16;Ceilândia;1414;CENTRO DE CONVIVÊNCIA BRAZLÂNDIA CENTRAL (COSE);SETOR NORTE;AE 01 LOTE K/L/M/N - SETOR NORTE;-15,682665;-48,19719;556;2;231;108;0;0;0;17;0;13;28;4;0;21;25;447;141;10;0;0;254;0;0;0;3;0;15;9;0;6;9;447
16;Ceilândia;1422;ESCOLA CLASSE 07;VILA SAO JOSE;Q. 38 AE N. 02;-15,6649822;-48,2020779;2276;8;822;499;1;0;0;37;2;57;182;18;4;99;99;1820;622;29;1;0;892;0;0;0;1;0;143;58;1;40;33;1820
16;Ceilândia;1430;ESCOLA CLASSE 09;VILA SAO JOSE;EQ 45/55 - VILA SÃO JOSÉ;-15,6583753;-48,1903624;2929;9;1063;550;1;0;1;71;2;68;222;16;5;136;126;2261;718;58;2;0;1172;3;0;0;2;0;142;75;3;38;48;2261
16;Ceilândia;1449;ESCOLA CLASSE N. 06;VILA SAO JOSE;QD. 38 AE N. 01;-15,6649083;-48,20079;1893;6;748;424;1;0;0;41;0;47;138;12;2;83;69;1565;484;36;1;0;854;1;0;0;2;1;75;58;1;29;23;1565
16;Ceilândia;1457;CENTRO INTERESCOLAR DE LINGUAS DE BRAZLANDIA - CILB;SETOR TRADICIONAL;ÁREA ESPECIAL 07 QUADRA 02 - SETOR TRADICIONAL;-15,6859283;-48,2019667;1336;9;624;290;1;0;0;29;0;17;68;9;1;35;39;1113;341;18;0;0;620;0;0;0;0;0;65;34;0;15;20;1113
16;Ceilândia;1465;CENTRO DE ENSINO FUNDAMENTAL N. 01;SETOR VEREDAS;PIQ( PROGRAMA DE INTEGRAÇÃO DE QUADRAS) Q. 06 LT. 02, SETOR VEREDAS;-15,6664402;-48,2007289;2496;11;973;575;0;0;0;39;1;48;199;16;1;94;106;2052;708;43;0;1;1065;0;0;0;5;1;119;37;2;29;42;2052
16;Ceilândia;1473;CENTRO DE ENSINO FUNDAMENTAL VENDINHA;BRAZLANDIA;BR - 080 KM 25 ESTRADA DE BRAZLÂNDIA PARA PADRE BERNARDO;-15,621004;-48,1994635;656;2;261;114;0;0;0;11;0;2;15;10;1;35;28;477;193;13;0;0;218;0;0;0;0;0;31;4;0;8;10;477
16;Ceilândia;1481;ESCOLA CLASSE RURAL CHAPADINHA;N.R.ALEX. GUSMAO;ZR - DF 240 (DF 008) DF 445, 4 KM ESQ.;-15,6750383;-48,1515133;820;3;431;155;0;0;0;10;0;11;35;7;1;22;22;694;212;10;0;0;410;1;0;0;1;0;33;7;0;12;8;694
16;Ceilândia;1490;CENTRO DE ENSINO MEDIO N. 01;SETOR SUL;QD. 04 AE N. 02;-15,6874496;-48,196132;2665;11;1063;622;3;0;0;47;0;69;185;16;3;86;85;2179;750;59;1;0;1145;0;0;0;4;0;99;60;4;32;29;2183
16;Ceilândia;1503;ESCOLA CLASSE INCRA 06;N.R.ALEX. GUSMAO;ZR - ROD. DF 180, KM 06 (DCAG), N.R.ALEX. GUSMAO;-15,728778;-48,1925399;783;3;348;159;2;0;0;12;0;10;39;2;1;22;23;618;207;17;1;0;336;0;0;0;3;0;29;7;0;12;6;618
16;Ceilândia;1511;CENTRO DE EDUCACAO INFANTIL 01 DE BRAZLANDIA;SETOR VEREDAS;PIQ 05, LOTE 01, SETOR VEREDAS;-15,6674098;-48,1986949;1292;4;545;271;2;0;0;29;1;26;77;5;0;43;50;1049;321;19;1;0;582;0;0;0;3;0;60;31;3;13;16;1049
16;Ceilândia;1520;ESCOLA CLASSE BUCANHAO;BRAZLANDIA;ZR-DF-240-ACESSO P/VSJ, KM 3,7;-15,6369894;-48,1695338;74;2;23;17;0;0;0;4;0;3;3;1;0;3;2;56;26;0;0;0;23;0;0;0;0;0;1;3;0;3;0;56
16;Ceilândia;1538;CENTRO EDUCACIONAL IRMÃ MARIA REGINA VELANES RÉGIS;BRAZLANDIA;ZR DF 001 (EPCT) DF 430, RODEADOR;-15,6753567;-48,1031467;1537;4;721;237;0;0;0;36;0;24;74;3;1;42;51;1189;341;24;0;2;695;0;0;0;1;0;63;22;2;17;22;1189
16;Ceilândia;1546;CENTRO ENSINO MÉDIO Nº 02;VILA SAO JOSE;QUADRA 36 AE 03, VILA SÃO JOSÉ;-15,666335;-48,1965083;3848;11;1511;775;6;0;4;81;1;85;284;25;3;173;161;3109;990;76;3;1;1627;0;0;1;4;0;199;85;1;62;65;3114
16;Ceilândia;1554;CENTRO DE ENSINO FUNDAMENTAL N. 02;SETOR NORTE;QUADRA 12 ÁREA ESPECIAL 05 - SETOR NORTE;-15,6722359;-48,1943567;1906;6;747;428;2;0;1;35;0;30;128;10;0;64;77;1522;523;38;0;1;785;1;0;0;2;0;86;43;1;17;25;1522
16;Ceilândia;1562;CENTRO DE ENSINO FUNDAMENTAL- INCRA 08;N.R.ALEX. GUSMAO;ZR - DF 070, DF 180 - ALEXANDRE GUSMAO;-15,7433802;-48,1703365;2178;8;898;476;3;0;0;46;1;34;106;8;3;89;91;1755;627;44;0;2;879;0;0;0;1;1;93;33;2;31;42;1755
16;Ceilândia;1570;ESCOLA CLASSE  INCRA 07;N.R.ALEX. GUSMAO;ZR - DF 249 - DF 008, N.R.ALEX. GUSMAO;-15,7490667;-48,115015;595;2;240;107;0;0;0;20;0;13;22;5;1;17;29;454;154;5;0;0;237;0;0;0;3;0;27;17;0;4;7;454
16;Ceilândia;1589;CAIC - PROFESSOR BENEDITO CARLOS DE OLIVEIRA;SETOR TRADICIONAL;AE 05 - SETOR TRADICIONAL;-15,6777573;-48,2033815;764;3;287;146;0;0;0;20;0;16;41;7;0;25;29;571;202;9;1;0;297;0;0;0;0;0;34;12;1;5;11;572
16;Ceilândia;1597;CENTRO DE ENSINO FUNDAMENTAL N. 03;VILA SAO JOSE;AE - QUADRA 046, VILA SÃO JOSÉ;-15,6585753;-48,1955996;3326;11;1356;611;2;1;0;60;0;70;251;33;8;122;167;2681;798;44;0;0;1455;5;0;0;5;1;190;64;1;40;78;2681
16;Ceilândia;1600;ESCOLA CLASSE 08;SETOR VEREDAS;Q. 04 LOTE 01;-15,670695;-48,201965;2598;8;1025;572;0;0;0;33;1;52;198;10;1;106;117;2115;662;30;0;0;1120;1;0;0;1;0;164;60;2;32;43;2115
16;Ceilândia;1619;CONGREGAÇÃO IRMÃS OBLATAS DO MENINO JESUS;SETOR NORTE;AE N. 02 LT. M/N;-15,6725718;-48,1921826;1042;4;476;205;0;0;0;16;0;27;77;7;0;30;33;871;251;21;0;0;488;0;0;0;5;0;53;30;0;12;11;871
16;Ceilândia;1627;UIBRA - UNIDADE DE INTERNAÇÃO DE BRAZLÂNDIA;BRAZLANDIA;BR 080 KM 12 - FRENTE A RODOVIARIA;-15,6458383;-48,2008817;37;1;12;17;0;0;1;0;0;0;1;0;0;1;1;33;22;0;1;0;7;0;0;1;0;0;1;1;0;0;1;34
17;Gama;1015;CIL - CENTRO INTERESCOLAR DE LINGUAS DO GAMA;SETOR CENTRAL;QD EQ 16/18 ST CENTRAL GAMA;-16,0183513;-48,0684497;5700;17;1977;1552;1;3;1;155;6;79;334;17;5;173;204;4507;1747;109;1;1;2161;5;1;1;11;1;223;94;4;56;92;4507
17;Gama;1023;EC 22 - ESCOLA CLASSE 22 DO GAMA;SETOR CENTRAL;QD EQ 33/39 AE EC 22 ST CENTRAL GAMA;-16,0232597;-48,0669748;2595;10;1038;684;2;3;1;53;2;43;168;10;8;82;128;2222;821;39;1;0;1109;1;0;0;4;0;101;54;0;37;56;2223
17;Gama;1031;CEF 01 - CENTRO DE ENSINO FUNDAMENTAL 01 DO GAMA;SETOR NORTE;EQ 1/2 A.E. SETOR NORTE;-16,0069911;-48,0621491;7264;19;2668;1863;5;0;2;178;2;109;500;27;13;254;235;5856;2087;143;1;1;3010;1;0;2;10;0;295;132;6;83;86;5857
17;Gama;1040;CEM 02 - CENTRO DE ENSINO MEDIO 02 DO GAMA;SETOR CENTRAL;LOTE 27/36 A.E. S.CENTRAL LADO OESTE;-16,0149;-48,070045;9203;27;3334;2467;10;0;1;212;1;139;616;39;16;325;378;7538;2787;204;1;1;3719;3;0;1;9;1;360;174;10;117;151;7538
17;Gama;1058;CEF 10 - CENTRO DE ENSINO FUNDAMENTAL 10 DO GAMA;SETOR OESTE;QD EQ 16/26 E 19-22 ST OESTE GAMA;-16,0143661;-48,0748285;5963;20;2072;1460;3;3;2;151;4;97;424;25;18;246;261;4766;1760;111;0;0;2329;3;0;1;10;0;258;123;6;62;103;4766
17;Gama;1066;CEMI - CEM INTEGRADO 01 EDUCAÇÃO PROFISSIONAL;SETOR OESTE;EQ 12/16  A.ESPECIALSETOR OESTE;-16,0106092;-48,0747934;2172;6;734;635;1;0;1;67;1;36;146;11;2;72;89;1795;733;71;1;0;813;3;0;2;4;1;90;43;1;23;31;1816
17;Gama;1074;CEM 03 - CENTRO DE ENSINO MÉDIO 03 DO GAMA;SETOR SUL;EQ 5/11 A.E. SETOR SUL;-16,03681402;-48,06375638;5307;14;1916;1288;4;1;0;121;4;78;364;16;12;202;212;4218;1582;115;0;2;2099;0;0;0;8;0;231;103;5;50;67;4262
17;Gama;1082;EC 09 - ESCOLA CLASSE 09 DO GAMA;SETOR SUL;QD 3 AE EC 9 ST SUL GAMA;-16,03080466;-48,06575429;3561;15;1296;982;2;1;2;92;3;55;235;13;11;117;156;2965;1140;52;2;0;1449;0;0;0;2;1;148;67;1;45;58;2965
17;Gama;1090;CEF 11 - CENTRO DE ENSINO FUNDAMENTAL 11 DO GAMA;SETOR SUL;QUADRA 1 A.E. S.SUL;-16,02814517;-48,06951472;4628;17;1667;1193;1;0;0;109;2;56;351;14;3;192;156;3744;1404;61;1;1;1903;0;0;0;2;0;180;65;4;64;59;3744
17;Gama;1104;CED 08 - CENTRO EDUCACIONAL 08 DO GAMA;SETOR SUL;PÇ 4 BL A E/QD 4/10 ST SUL GAMA;-16,0230815;-48,0783133;6849;20;2356;1762;2;4;1;162;2;96;518;44;12;312;312;5583;2105;98;0;0;2712;3;0;2;6;1;311;101;4;101;139;5583
17;Gama;1112;CEF 08 - CENTRO DE ENSINO FUNDAMENTAL 08 DO GAMA;SETOR SUL;Q 2 PÇ 2 AE CEF 8 ST SUL GAMA;-16,0256532;-48,0739761;3926;12;1327;999;7;1;3;124;0;58;274;23;8;135;166;3125;1177;58;1;0;1500;1;0;0;7;1;217;64;1;40;58;3125
17;Gama;1120;CED ENGENHO DAS LAJES - CENTRO EDUCACIONAL ENGENHO DAS LAJES;ENGENHO DAS LAJES;RUA HILÁRIO RIBEIRO ENGENHO DAS LAGES GAMA;-16,0417141;-48,2579623;1537;4;693;280;1;0;0;19;0;16;53;6;2;50;57;1177;373;15;0;1;675;0;0;0;0;0;64;16;2;11;20;1177
17;Gama;1139;CED 07 - CENTRO EDUCACIONAL 07 DO GAMA;SETOR CENTRAL;EQ 15/17 - PRACA  01 LOTE 03;-16,0201056;-48,0648547;5007;13;1773;1310;1;2;3;115;2;79;290;18;8;184;183;3968;1510;102;2;1;1982;0;0;3;3;0;195;92;4;58;87;4039
17;Gama;1147;EC 02 - ESCOLA CLASSE 02 DO GAMA;SETOR OESTE;EQ 02/04 AREA ESPECIAL SETOR OESTE;-16,0051606;-48,0720536;4483;13;1641;1054;2;1;1;104;1;71;345;19;6;179;170;3594;1300;42;0;0;1822;3;0;1;10;1;189;80;10;67;69;3594
17;Gama;1155;EC 10 - ESCOLA CLASSE 10 DO GAMA;SETOR OESTE;EQ 10/21 AREA ESPECIAL SETOR OESTE;-16,0080404;-48,0790609;3153;9;1132;748;2;1;3;82;1;41;248;13;5;130;160;2566;921;54;0;0;1280;1;0;0;6;0;143;58;1;44;58;2566
17;Gama;1163;EC 15 - ESCOLA CLASSE 15 DO GAMA;SETOR NORTE;QD 2 CJ E ST NORTE GAMA;-16,0036861;-48,0610004;2169;6;797;539;0;0;0;60;0;35;184;11;4;70;93;1793;614;44;0;0;917;2;0;0;5;0;110;39;3;31;28;1793
17;Gama;1171;EC 29 - ESCOLA CLASSE 29 DO GAMA;SETOR SUL;EQ 13/15 AE SETOR SUL;-16,04037666;-48,05887596;2167;6;819;525;2;0;0;36;1;33;127;9;0;107;93;1752;621;28;1;0;880;0;0;0;0;0;107;48;1;38;28;1752
17;Gama;1180;CED CASA GRANDE - CENTRO EDUCACIONAL CASA GRANDE;PONTE ALTA NORTE;NR CASA GRANDE MOD AGRIC 16 CH 1 NR CASA GRANDE;-15,9637776;-48,0992218;3162;8;1317;655;3;2;3;77;0;36;198;13;7;95;93;2499;765;64;1;0;1422;0;0;0;4;3;106;53;4;36;41;2499
17;Gama;1198;CENTRO DE ENSINO ESPECIAL DO GAMA;SETOR CENTRAL;EQ. 55/56 AE 02 SETOR CENTRAL;-16,0146691;-48,0634003;1572;5;528;484;1;0;0;42;0;24;123;4;1;47;66;1320;546;26;0;0;618;1;0;0;2;0;78;34;2;21;22;1350
17;Gama;1210;CEF 05 - CENTRO DE ENSINO FUNDAMENTAL 05 DO GAMA;SETOR OESTE;EQ 26/29 AREA ESPECIAL SETOR OESTE;-16,0157056;-48,0782801;4419;15;1532;1070;1;3;4;102;3;73;375;16;5;168;212;3564;1310;82;1;1;1705;3;0;2;3;0;198;94;3;68;94;3564
17;Gama;1244;EC 28 - ESCOLA CLASSE 28 DO GAMA;SETOR OESTE;QUADRA A LOTE B VILA RORIZ SETOR OESTE;-16,0072115;-48,0829686;1553;5;539;349;1;0;1;34;2;46;154;8;4;56;56;1250;454;16;0;0;600;0;0;1;1;0;79;54;1;18;26;1250
17;Gama;1287;JI 05 - JARDIM DE INFÂNCIA 05 DO GAMA;SETOR SUL;QUADRA 10 - ÁREA ESPECIAL;-16,0262621;-48,0805622;1013;4;347;254;2;0;0;21;0;18;80;7;0;48;54;831;306;17;0;0;394;0;0;1;2;0;54;15;2;16;24;831
17;Gama;1333;EC 01 - ESCOLA CLASSE 01 DO GAMA;SETOR LESTE;EQ 18/21 PR. 2 A.E. S.LESTE;-16,0175889;-48,0547738;5226;16;2004;1336;4;0;2;114;2;86;340;14;5;148;202;4257;1532;82;1;0;2214;3;0;0;6;0;196;88;5;52;78;4257
17;Gama;1341;EC 21 - ESCOLA CLASSE 21 DO GAMA;SETOR LESTE;E Q 44/45 A.E S.LESTE;-15,9993004;-48,0553804;2526;7;1002;650;1;0;2;72;1;40;186;9;4;74;84;2125;765;35;1;1;1087;1;1;2;5;0;114;63;2;24;24;2125
17;Gama;1350;EC 19 - ESCOLA CLASSE 19 DO GAMA;SETOR LESTE;E/Q 30/49 A.E SETOR LESTE;-16,0254371;-48,0509274;2730;9;998;634;4;0;0;73;2;40;220;12;8;121;127;2239;751;37;1;1;1168;0;1;0;4;0;124;63;2;44;44;2240
17;Gama;1368;EC 03 - ESCOLA CLASSE 03 DO GAMA;SETOR LESTE;E/Q 10/15 - AE SETOR LESTE;-16,0143;-48,0512013;3366;10;1265;804;7;0;1;74;2;49;235;12;6;135;143;2733;949;53;0;1;1412;1;0;0;4;0;140;67;0;44;62;2733
17;Gama;1376;CEM 01 - CENTRO DE ENSINO MEDIO 01 DO GAMA;SETOR LESTE;E/Q 18/21 AREA ESPECIAL - SETOR LESTE;-16,0184307;-48,0541323;7454;23;2531;2086;9;1;2;181;3;140;493;25;11;298;276;6056;2390;207;6;1;2886;0;1;1;10;0;311;136;7;91;100;6147
17;Gama;1384;CED 06 - CENTRO EDUCACIONAL 06 DO GAMA;SETOR LESTE;EQ 02/07 A.E. S.LESTE;-16,0071515;-48,050447;4827;15;1731;1231;3;2;4;89;6;85;329;18;7;210;201;3916;1438;110;0;0;1905;1;0;1;9;0;216;95;5;56;80;3916
17;Gama;1392;CEF 04 - CENTRO ENSINO FUNDAMENTAL 04 DO GAMA;SETOR LESTE;E Q 29/33  PR 03 A E. SETOR LESTE;-16,0271519;-48,0563521;6091;20;2199;1541;8;2;0;126;3;99;429;25;6;218;269;4925;1829;99;0;1;2444;2;0;0;6;1;265;105;3;68;102;4925
17;Gama;1406;EC 14 - ESCOLA CLASSE 14 DO GAMA;SETOR LESTE;E/Q 29/33 AE SETOR LESTE;-16,0268054;-48,0554978;3167;11;1201;737;0;2;0;82;2;56;219;11;7;114;138;2569;889;67;0;0;1316;0;1;0;7;0;125;72;5;37;50;2569
17;Gama;1414;CEF 03 - CENTRO DE ENSINO FUNDAMENTAL 03 DO GAMA;SETOR LESTE;E Q 6/11 A. E.S.LESTE;-16,0109028;-48,0506665;3867;15;1375;975;2;1;1;86;8;54;239;18;3;160;175;3097;1185;66;0;0;1475;2;0;1;5;0;194;59;4;41;65;3097
17;Gama;1422;UNICEPLAC - CENTRO UNIV. DO PLANALTO CENTRAL APPARECIDO DOS SANTOS;SETOR LESTE;SIGA A.E. 02 SETOR LESTE INDÚSTRIA;-16,0016073;-48,0508405;1431;5;542;343;0;0;2;31;0;16;87;7;2;47;50;1127;396;43;1;0;569;0;0;1;3;0;61;22;0;13;18;1127
17;Gama;1430;PENITENCIÁRIA FEMININA DO DISTRITO FEDERAL - COLMÉIA;SETOR LESTE;SETOR DE CHACÁRAS, N 02, GRANJA LUIZ FERNANDO;-16,0061526;-48,0416782;25;1;12;9;0;0;0;0;0;0;0;0;0;0;0;21;10;2;0;0;8;0;0;0;0;0;0;2;0;0;0;22
18;São Sebastião;1015;ESCOLA CLASSE VILA DO BOA;SAO SEBASTIAO;VILA DO BOA SEM NUMERO  SAO SEBASTIAO;-15,8775588;-47,7911219;1553;5;579;407;0;0;0;11;0;20;108;3;4;79;73;1284;524;17;0;2;590;1;0;0;3;0;61;35;1;24;26;1284
18;São Sebastião;1023;CENTRO DE ENSINO FUNDAMENTAL NOVA BETANIA;SAO SEBASTIAO;BR 251  KM 38  NOVA BETANIA;-15,949539;-47,7930611;1650;6;691;340;7;0;1;44;0;13;96;7;7;55;37;1298;459;26;2;0;665;0;0;0;1;0;74;33;2;22;14;1298
18;São Sebastião;1031;ESCOLA CLASSE 303;SAO SEBASTIAO;QD 303 CONJ 01 LOTE 34;-15,9030379;-47,781857;5015;15;1879;1306;7;0;2;84;0;36;287;20;6;201;188;4016;1608;119;2;0;1889;2;0;1;4;3;139;100;6;64;79;4016
18;São Sebastião;1040;ESCOLA CLASSE VILA NOVA;SAO SEBASTIAO;RUA 31 NUMERO 200 BAIRRO SÃO JOSÉ;-15,9136352;-47,7594305;3958;14;1495;1044;3;0;0;76;3;61;205;12;5;173;140;3217;1375;60;2;0;1476;0;0;0;6;1;120;75;4;46;52;3217
18;São Sebastião;1058;CENTRO EDUCACIONAL DO LAGO SUL - CEL;LAGO SUL;SHIS QI 09 AREA ESPECIAL;-15,8392345;-47,8763621;4203;13;1432;991;2;2;2;432;2;70;212;7;10;66;87;3315;1118;82;3;1;1791;2;0;1;26;0;150;74;10;31;27;3316
18;São Sebastião;1066;CENTRO DE ENSINO FUNDAMENTAL 06 DE BRASÍLIA;LAGO SUL;SHIS QI 15 AREA ESPECIAL 02 - LAGO SUL, BRASÍLIA - DF;-15,8559352;-47,8776066;3766;10;1289;1000;1;1;0;313;1;64;193;1;4;81;74;3022;1110;88;2;0;1537;1;0;0;17;0;153;61;5;22;26;3022
18;São Sebastião;1074;HEAVENLY INTERNATIONAL SCHOOL;LAGO SUL;SHIS QI 17/19 AREA ESPECIAL S/N LOTE SEMINÁRIO;-15,862479;-47,8659212;3478;10;1233;979;1;2;2;273;0;90;174;2;6;77;72;2911;1109;99;3;0;1419;0;0;1;19;0;139;62;2;28;31;2912
18;São Sebastião;1082;ESCOLA CLASSE CERAMICA DA BENCAO;SAO SEBASTIAO;RUA DA GAMELEIRA 331 CENTRO;-15,9044643;-47,7694681;4164;14;1652;1065;5;1;1;87;0;34;264;12;3;134;200;3458;1314;70;1;0;1671;1;0;0;9;0;161;76;4;48;103;3458
18;São Sebastião;1090;CENTRO DE ENSINO FUNDAMENTAL CERÂMICA SÃO PAULO;SAO SEBASTIAO;RUA 01, LT 101, SETOR TRADICIONAL;-15,8879504;-47,7797027;5430;15;1969;1377;4;4;1;109;0;56;280;18;10;225;248;4301;1706;120;2;0;2027;0;1;2;7;0;164;94;7;80;91;4301
18;São Sebastião;1112;ESCOLA CLASSE AGROVILA;SAO SEBASTIAO;QUADRA 100 - CONJ. Q - AREA ESPECIAL N. 01BAIRRO VILA NOVA;-15,9107105;-47,758545;3955;12;1347;1156;2;3;0;61;2;46;200;22;7;124;193;3163;1405;65;1;1;1318;0;0;0;2;1;155;80;2;50;83;3163
18;São Sebastião;1120;CENTRO EDUCACIONAL SAO JOSE;SAO SEBASTIAO;QUADRA 16 AREA ESPECIAL BAIRRO SAO JOSE;-15,912589;-47,7593836;4922;14;1884;1243;4;4;0;82;2;55;223;20;3;190;210;3920;1589;81;2;0;1817;1;0;0;12;1;160;99;1;72;85;3920
18;São Sebastião;1139;CENTRO DE ENSINO MÉDIO 01 - CENTRÃO;SAO SEBASTIAO;QUADRA 202/203 AREA ESPECIAL -RESIDENCIAL OESTE;-15,9012758;-47,7789073;6737;20;2446;1729;6;2;4;129;1;78;333;22;14;294;276;5334;2143;183;4;0;2456;0;0;0;6;2;199;156;5;74;106;5334
18;São Sebastião;1147;COLÉGIO PRESBITERIANO MACKENZIE;LAGO SUL;SHIS QI 05 CHACARA 74/79;-15,8504529;-47,896023;7419;26;2754;1613;5;1;2;775;2;113;396;9;9;127;138;5944;1917;195;2;1;3373;2;0;2;47;0;307;138;7;52;62;6105
18;São Sebastião;1155;ESCOLA CLASSE 104;SAO SEBASTIAO;QUADRA 104 CJ. 01 LOTE 01 BAIRRO RESIDENCIAL OESTE SAO SEBASTIAO;-15,8965055;-47,7827177;4016;14;1533;1084;5;1;1;97;1;63;223;22;5;139;167;3341;1306;58;1;0;1583;1;0;1;3;1;166;93;5;43;80;3341
18;São Sebastião;1163;CENTRO EDUCACIONAL DO PAD/DF;ZONA RURAL;BR-251, KM-07, ESTRADA DE UNAI - DF;-16,009817;-47,5567685;2012;11;1056;221;3;0;0;17;0;17;89;10;0;57;78;1548;358;18;0;0;1010;1;0;0;0;0;91;16;2;19;33;1548
18;São Sebastião;1171;ESCOLA DAS NACOES;LAGO SUL;SHIS QI 21 AREA ESPECIAL CONJUNTO 01;-15,8532694;-47,850263;8041;24;2687;2204;7;1;1;770;3;161;417;10;16;189;177;6643;2525;187;3;2;3279;1;0;1;51;3;374;156;7;65;70;6724
18;São Sebastião;1180;COLÉGIO NOSSA SENHORA DO PERPÉTUO SOCORRO;LAGO SUL;SHIS EQL 06/08 CONJUNTO A1;-15,8426968;-47,8963925;3927;15;1358;905;1;2;1;454;1;62;192;8;1;85;92;3162;1079;90;1;2;1723;0;0;0;31;1;175;67;1;31;33;3234
18;São Sebastião;1198;COLEGIO MARIA IMACULADA;LAGO SUL;SHIS QI 05 CHACARA 72;-15,8525922;-47,8984593;1699;7;600;340;0;0;0;193;1;28;120;4;2;32;36;1356;393;44;0;0;767;0;0;0;12;1;77;29;1;18;14;1356
18;São Sebastião;1201;CENTRO DE ENSINO FUNDAMENTAL DO BOSQUE;SAO SEBASTIAO;ÁREA INSTITUCIONAL N 02 RESIDENCIAL DO BOSQUE - SAO SEBASTIAO DF;-15,9051619;-47,7569206;4830;14;1582;1418;4;2;0;95;3;42;217;18;6;210;199;3796;1703;82;3;0;1595;1;0;1;6;0;166;92;3;58;86;3796
18;São Sebastião;1210;ESCOLA CLASSE 01 SHI SUL - LAGO SUL;LAGO SUL;SHIS QI 05 CONJUNTO 17 LOTE 15;-15,8479531;-47,8928095;1379;8;490;318;1;0;0;128;1;20;66;0;2;23;27;1076;375;24;1;0;563;1;0;0;9;0;58;23;0;8;14;1076
18;São Sebastião;1244;ESCOLA CLASSE BELA VISTA;SAO SEBASTIAO;RUA 01 LT 221- BAIRRO BELA VISTA;-15,9135067;-47,7548193;2533;8;862;764;2;1;0;43;1;30;121;13;6;106;96;2045;918;43;1;0;860;0;0;0;0;0;91;55;2;30;45;2045
18;São Sebastião;1252;CENTRO EDUCACIONAL SAO BARTOLOMEU;SAO SEBASTIAO;AE QUADRA 02 CONJUNTO 03 LOTE 04;-15,8938264;-47,7785805;4842;16;1820;1208;4;0;0;96;1;57;223;21;11;224;168;3833;1475;104;4;0;1876;2;0;1;3;0;145;96;2;62;64;3834
18;São Sebastião;1279;COLÉGIO MODELO DE SÃO SEBASTIÃO;SAO SEBASTIAO;RUA 9 QUADRA 01 CONJUNTO A CHACARA 07 VILA NOVA;-15,9038804;-47,7617301;1849;7;700;497;2;2;0;53;2;21;96;7;3;86;59;1528;566;51;0;0;723;0;0;1;1;0;67;61;2;26;30;1528
18;São Sebastião;1287;CIEIC - CENTRO INTEGRADO IRMAOS CARVALHO;SETOR HABITACIONAL JARDIM BOTANICO;SH ESTRADA DO SOL COND. MANSÕES SERRANA KM 5 CHÁCARA IRMÃOS CARVALHO;-15,8671889;-47,7874045;2971;9;973;993;0;0;0;153;4;47;141;3;3;70;88;2475;1073;77;0;0;1078;1;0;2;13;0;103;71;3;26;28;2475
18;São Sebastião;1295;KINGDOM SCHOOL;LAGO SUL;SHIS QI 11 ÁREA ESPECIAL B, ENTRECONJUNTOS 02 E 04;-15,8339394;-47,870477;1882;7;661;452;3;0;0;203;2;25;95;0;2;37;43;1523;513;32;1;2;811;0;0;0;7;5;73;44;1;14;21;1524
18;São Sebastião;1309;COLÉGIO DOM JOSÉ;LAGO SUL;SHIS QI 26, CJ H, ÁREA ESPECIAL - LAGO SUL, BRASÍLIA-DF;-15,8241347;-47,8067239;3220;11;1084;942;1;0;1;219;2;65;195;5;6;73;70;2663;1067;66;2;0;1262;1;0;1;14;0;121;79;2;26;22;2663
18;São Sebastião;1317;CENTRO DE ENSINO FUNDAMENTAL JARDIM II;ZONA RURAL;DF 285 KM 20 NÚCLEO RURAL JARDIM II;-16,0168458;-47,3803729;536;2;339;32;0;0;0;0;0;3;5;3;0;27;22;431;75;2;0;0;305;2;0;0;0;0;26;3;0;10;8;431
18;São Sebastião;1341;CENTRO EDUCACIONAL SÃO FRANCISCO - CHICÃO;SAO SEBASTIAO;QUADRA 17, LOTE 100, ÁREA ESPECIAL;-15,9145944;-47,7629296;6001;17;2132;1618;7;1;2;154;2;76;327;14;13;252;234;4832;2025;190;1;2;2202;3;0;0;9;0;174;148;5;83;97;4939
18;São Sebastião;1350;CENTRO DE ENSINO FUNDAMENTAL MIGUEL ARCANJO;SAO SEBASTIAO;QD 02, AE 03, BAIRRO SÃO BARTOLOMEU, SÃO SEBASTIÃO, BRASÍLIA - DF;-15,8925879;-47,7813437;2832;8;1007;765;0;1;0;64;3;33;123;16;6;117;86;2221;889;85;2;0;1007;1;0;0;4;0;90;74;7;36;26;2221
18;São Sebastião;1368;ESCOLA CLASSE CAFÉ SEM TROCO;ZONA RURAL;DF-130, KM 32, BRASÍLIA - DF;-15,9190517;-47,6053299;2300;7;1059;402;0;3;2;14;1;31;93;8;0;64;102;1779;635;20;0;0;944;0;0;0;2;0;90;24;0;18;47;1780
18;São Sebastião;1376;ESCOLA FRANCESA FRANÇOIS MITTERRAND;LAGO SUL;SHIS QI 21 BLOCO D;-15,8554812;-47,8528605;3164;10;958;967;3;2;3;246;1;67;154;5;11;89;73;2579;1109;112;2;0;1073;0;0;1;23;0;124;69;5;30;31;2579
18;São Sebastião;1384;UNIDADE DE INTERNAÇÃO DE SÃO SEBASTIÃO;ZONA RURAL;NÚCLEO RURAL AGUILHADA, BR-251, RA 14 - SÃO SEBASTIÃO/DF;-15,938829;-47,7617312;37;1;13;15;0;0;0;0;0;0;0;0;0;5;2;35;23;0;0;0;6;0;0;0;0;0;2;0;0;4;0;35
18;São Sebastião;1392;COMPLEXO PENITENCIÁRIO DA PAPUDA;SAO SEBASTIAO;RODOVIA DF - 465, KM 04, FAZENDA PAPUDA.;-15,9138645;-47,786738;154;1;65;32;1;0;0;10;0;3;12;3;0;4;7;137;74;4;0;0;70;0;0;0;0;0;6;2;0;3;3;162
18;São Sebastião;1406;COLÉGIO DIGITAL;SETOR HABITACIONAL JARDIM BOTANICO;PRAÇA DE ATIVIDADES PA 02, LOTE 04, JARDIM MANGUEIRAL;-15,889736;-47,8134257;5759;21;1947;1911;5;1;1;310;2;103;321;10;16;141;123;4891;2216;166;4;1;2261;3;1;3;23;1;183;141;9;51;55;5118
18;São Sebastião;1414;ESCOLA CLASSE LAMARÃO;ZONA RURAL;BR 251, KM 07, DF 285, VC 441, COLÔNIA AGRÍCOLA LAMARÃO, PARANOÁ;-15,9651523;-47,5010167;220;1;120;35;0;0;0;9;0;5;8;0;0;6;6;189;50;4;0;0;115;0;0;0;0;1;14;1;0;3;2;190
18;São Sebastião;1449;CENTRO EDUCACIONAL JARDINS MANGUEIRAL;JARDINS MANGUEIRAL;PA 02, LOTE 06, JARDINS MANGUEIRAL, JARDIM BOTÂNICO/DF;-15,8903363;-47,8122646;7074;18;2505;2367;2;1;1;370;7;107;423;9;18;168;171;6149;2588;175;2;2;2790;1;0;0;30;2;253;151;9;71;75;6149
18;São Sebastião;1457;INSTITUTO FEDERAL DE BRASÍLIA - IFB SÃO SEBASTIÃO;SAO BARTOLOMEU - São Sebastião;ÁREA ESPECIAL 2, SÃO BARTOLOMEU (SÃO SEBASTIÃO), BRASÍLIA - DF;-15,8910579;-47,7798251;6797;29;2617;1592;5;1;2;92;7;60;365;28;5;234;343;5351;2126;84;2;3;2589;1;0;1;14;1;234;117;1;85;157;5415
19;Taguatinga;1015;ESCOLA CLASSE N 27;TAGUATINGA NORTE;ECNF 01/QNF 19     AE;-15,8129134;-48,0683878;3671;13;1426;959;4;1;0;97;0;43;210;12;5;106;126;2989;1133;49;1;0;1490;0;0;0;3;1;151;75;1;31;54;2989
19;Taguatinga;1023;ESCOLA CLASSE N 12;TAGUATINGA NORTE;QNH 06 AREA ESPECIAL;-15,80605239;-48,07961741;2701;10;1122;618;0;0;0;91;1;38;168;8;2;90;96;2234;745;50;0;0;1216;1;0;0;4;0;98;53;0;26;41;2234
19;Taguatinga;1031;CENTRO DE ENSINO DO SESI;TAGUATINGA NORTE;QNF 24 AREA ESPECIAL S/N;-15,81237546;-48,07258416;5324;16;2056;1353;5;0;3;209;6;97;320;11;13;158;141;4372;1529;149;4;0;2231;3;0;0;13;2;201;117;3;56;64;4372
19;Taguatinga;1040;ESCOLA CLASSE VICENTE PIRES;TAGUATINGA NORTE;COLÔNIA AGRÍCOLA VICENTE PIRES - AREA ESPECIAL N 01;-15,81314636;-48,01463425;2656;8;1138;600;2;1;0;116;1;35;202;5;6;67;83;2256;688;42;0;0;1320;1;0;0;8;0;91;46;1;21;38;2256
19;Taguatinga;1058;ESCOLA CLASSE N 39;TAGUATINGA NORTE;QNC 15 AREA ESPECIAL N 15;-15,82526938;-48,06802546;1155;4;464;304;4;0;0;33;1;19;68;6;3;40;36;978;349;23;0;0;516;0;0;0;5;0;41;18;2;11;13;978
19;Taguatinga;1066;ESCOLA CLASSE N 16;TAGUATINGA NORTE;EQNG 06/07 AREA ESPECIAL N 15;-15,79646191;-48,06005963;1406;10;620;288;0;0;0;46;1;18;76;5;0;37;40;1131;346;26;0;0;640;0;0;0;5;0;57;31;1;8;17;1131
19;Taguatinga;1074;COLEGIO JESUS MARIA JOSE;TAGUATINGA NORTE;QNG 40 AREA ESPECIAL 5/6;-15,80389749;-48,0732633;4705;14;1933;1031;2;2;0;146;0;61;303;17;7;146;167;3815;1214;98;0;0;2108;1;0;0;8;0;166;99;1;45;75;3815
19;Taguatinga;1082;CENTRO DE ENSINO MEDIO TAGUATINGA NORTE;TAGUATINGA NORTE;QNC AREA PARA ESCOLA 01/03;-15,8189997;-48,065801;3310;17;1197;1008;0;1;0;121;0;58;187;12;3;111;97;2795;1209;126;1;0;1384;0;0;0;5;1;128;78;5;39;46;3022
19;Taguatinga;1090;CENTRO EDUCACIONAL N 4;TAGUATINGA NORTE;EQNG 06/07 AE 20;-15,79554051;-48,05744597;5496;15;2450;1105;4;1;0;134;2;89;325;24;7;168;190;4499;1401;139;0;1;2491;0;0;0;9;1;198;131;5;61;62;4499
19;Taguatinga;1104;ESCOLA CLASSE N 8;TAGUATINGA NORTE;QNG 12 AREA  ESPECIAL 14;-15,80118723;-48,06543604;2071;15;798;555;4;1;0;50;1;19;126;7;5;52;86;1704;679;20;1;0;866;0;0;0;0;0;61;29;0;17;31;1704
19;Taguatinga;1112;CENTRO DE ENSINO FUNDAMENTAL N 12;TAGUATINGA NORTE;QNG 39 AREA ESPECIAL 03;-15,80361704;-48,07284021;3521;17;1354;849;2;0;3;88;3;51;231;15;5;133;104;2838;1005;65;0;0;1473;1;0;1;6;0;146;57;4;40;40;2838
19;Taguatinga;1120;ESCOLA CLASSE N 18;TAGUATINGA NORTE;QND 12 LOTE 41 ÁREA ESPECIAL;-15,8122453;-48,0594679;2736;15;1051;760;0;1;1;98;2;44;173;8;2;75;87;2302;853;62;1;0;1164;2;0;0;3;0;101;63;1;24;28;2302
19;Taguatinga;1139;CENTRO DE EDUCAÇÃO INFANTIL Nº 02 (ESCOLA CLASSE Nº 30);TAGUATINGA NORTE;QND 59 ÁREA ESPECIAL Nº 37;-15,80026929;-48,05768684;2112;9;846;500;3;0;1;58;1;22;128;5;1;72;72;1709;584;43;2;1;902;0;0;0;3;0;77;46;0;23;28;1709
19;Taguatinga;1147;FACULDADE PROJECAO;TAGUATINGA NORTE;ÁREA ESPECIAL 4 E 5, SETOR C NORTE (QNC);-15,82077738;-48,0650431;5421;17;2056;1490;6;3;0;228;3;84;327;16;11;134;183;4541;1628;141;1;1;2307;2;0;0;13;0;195;129;7;45;72;4541
19;Taguatinga;1155;CENTRO ENS MÉDIO EIT;TAGUATINGA NORTE;QNB 01 AE 01 SETOR CENTRAL;-15,8327961;-48,05858955;6263;16;2279;1701;1;3;1;259;8;111;372;21;9;177;209;5151;1863;152;0;0;2594;3;0;0;21;1;213;151;8;63;82;5151
19;Taguatinga;1163;ESCOLA CLASSE N 15;TAGUATINGA NORTE;QND 43 LT 23 ÁREA ESPECIAL;-15,80595122;-48,05913524;3414;9;1300;838;2;2;0;117;0;43;219;8;12;88;127;2756;943;78;1;0;1415;1;0;0;8;0;127;85;8;30;60;2756
19;Taguatinga;1171;CEF Nº 11;TAGUATINGA NORTE;CND 05 ÁREA ESPECIAL - PRAÇA DO BICALHO;-15,80863323;-48,06337559;5686;15;2124;1368;7;2;0;163;3;70;313;24;11;183;187;4455;1536;125;3;0;2339;2;0;1;11;1;186;112;8;59;72;4455
19;Taguatinga;1180;ESCOLA CLASSE N 6;TAGUATINGA NORTE;CNB 12 ÁREA ESPECIAL Nº 01;-15,8197104;-48,0622009;2832;10;970;847;3;0;0;110;2;39;170;11;8;67;98;2325;928;50;1;0;1100;0;0;0;4;0;113;61;3;22;43;2325
19;Taguatinga;1198;CEF Nº 14;TAGUATINGA NORTE;QNB 15 ÁREA ESPECIAL S/ Nº;-15,8190207;-48,0636747;2231;8;821;623;6;0;5;79;2;39;122;9;4;94;57;1861;691;84;0;3;905;1;0;0;5;0;67;52;2;24;27;1861
19;Taguatinga;1201;ESCOLA BILINGUE LIBRAS (ANTIGA ESCOLA CLASSE N 21);TAGUATINGA NORTE;EQNH 01/03 AE S/N;-15,80223191;-48,07680905;2711;9;1098;553;3;1;1;84;0;43;158;12;2;97;118;2170;683;34;0;0;1207;0;1;2;3;0;107;58;3;37;35;2170
19;Taguatinga;1228;COLÉGIO KAIRÓS (ANTIGO INSTITUTO EDUCACIONAL SAGARANA;TAGUATINGA NORTE;COLÔNIA AGRÍCOLA VICENTE PIRES RUA 06 CH 255 LT 2/4;-15,80864715;-48,04158605;4846;13;2171;1150;1;0;2;214;4;94;339;12;6;98;131;4222;1302;92;1;2;2431;2;0;1;10;0;188;97;4;39;53;4222
19;Taguatinga;1236;ESCOLA CLASSE 02;TAGUATINGA NORTE;COLÔNIA AGRÍCOLA VILA SÃO JOSÉ - RUA 11 ÁREA ESPECIAL 01;-15,80046171;-48,0487911;3059;10;1420;615;2;0;0;90;0;49;193;12;1;79;123;2584;720;41;1;1;1580;1;0;0;6;0;114;39;3;24;54;2584
19;Taguatinga;1252;COLÉGIO DJ;TAGUATINGA NORTE;COLÔNIA AGRÍCOLA VICENTE PIRES - RUA 08, CHAC. 207, LOTES 02/04;-15,80320934;-48,04178117;4504;15;2082;894;0;1;1;164;5;70;364;15;2;99;137;3834;1030;63;0;0;2344;2;0;0;17;1;183;106;5;32;51;3834
19;Taguatinga;1260;COLÉGIO IDEAL ;TAGUATINGA NORTE;ST. G NORTE - ÁREA ESPECIAL 31;-15,79675669;-48,05895183;2565;7;1013;566;0;0;0;82;3;37;172;6;5;70;96;2050;668;91;2;1;1090;0;0;0;2;1;71;64;3;21;36;2050
19;Taguatinga;1279;COLÉGIO VITÓRIA RÉGIA UNIDADE 4 (ANTIGO COLÉGIO MAXIMUS);TAGUATINGA NORTE;RUA 06 CH. 276;-15,80934645;-48,02470932;2370;6;941;536;0;0;1;113;3;42;148;6;6;76;69;1941;583;103;2;0;1082;0;0;0;8;0;62;49;2;21;29;1941
19;Taguatinga;1287;COLÉGIO LICEU;TAGUATINGA NORTE;RUA 06 CH 253 LT. A;-15,80853187;-48,03985497;6300;16;2603;1331;8;0;3;246;4;107;374;10;10;171;159;5026;1493;194;5;0;2844;1;0;0;10;0;214;135;7;58;65;5026
19;Taguatinga;1295;INSTITUTO EDUCACIONAL MONTESQUIEU;TAGUATINGA NORTE;RUA 10 CH 323/1;-15,79758007;-48,04556748;1495;5;707;275;0;0;0;55;0;26;106;2;1;46;65;1283;328;21;1;0;801;0;0;0;0;0;56;33;2;16;25;1283
19;Taguatinga;1325;COLÉGIO OBJETIVO - RUA 03;TAGUATINGA NORTE;RUA 03 CHÁCARA N 82 LOTE 07/08;-15,81314211;-48,01238655;6853;18;2859;1525;2;1;0;276;5;107;439;22;14;164;196;5610;1688;186;1;0;3220;2;0;2;18;1;218;145;7;51;71;5610
19;Taguatinga;1333;COLÉGIO BIANGULO ;COLÔNIA AGRÍCOLA VICENTE PIRES;RUA 07 CHÁCARA 324 LOTE 7/8/9;-15,79613997;-48,04284651;3177;8;1349;731;1;0;0;111;1;49;231;5;0;97;114;2689;798;93;0;2;1530;1;0;0;3;0;117;76;4;28;37;2689
19;Taguatinga;1341;COLÉGIO VITÓRIA RÉGIA - UNIDADE 1;TAGUATINGA NORTE;RUA 6 CHÁCARA 274 VICENTE PIRES;-15,80891758;-48,02589453;5494;14;2389;1103;0;1;0;218;5;90;355;17;7;138;141;4464;1240;140;4;0;2727;3;0;2;10;1;157;91;4;39;46;4464
20;Ceilândia;1015;ESCOLA CLASSE 52;CEILANDIA SUL;EQNP 32/36;-15,8516172;-48,1212376;5084;14;1923;1210;6;0;0;81;1;104;388;26;8;165;187;4099;1498;85;2;0;2055;0;0;0;9;2;210;101;3;71;63;4099
20;Ceilândia;1023;CENTRO DE ENSINO MEDIO 04;CEILANDIA SUL;QNN 14  A.E.;-15,8312601;-48,1077397;2299;11;881;555;1;1;1;62;3;33;135;4;5;121;85;1887;719;91;0;1;996;1;0;2;5;0;61;46;4;44;37;2007
20;Ceilândia;1031;CENTRO DE ENSINO FUNDAMENTAL 19;CEILANDIA SUL;EQNN 18/20;-15,8265548;-48,1146334;5959;18;2326;1362;6;6;2;146;2;79;381;27;10;205;232;4784;1629;93;0;1;2536;1;0;0;9;0;212;126;2;81;94;4784
20;Ceilândia;1040;ESCOLA CLASSE 24;CEILANDIA SUL;EQNN 20/22 AE B;-15,8315625;-48,1120317;3690;11;1480;885;7;0;0;91;0;58;233;7;4;126;138;3029;1061;61;3;1;1565;0;0;1;3;0;144;79;2;45;64;3029
20;Ceilândia;1058;ESCOLA CLASSE 25;CEILANDIA SUL;EQNN 22/24;-15,8351347;-48,1076879;4021;12;1672;900;2;0;0;70;0;69;280;26;5;134;145;3303;1090;57;3;0;1787;1;0;0;5;0;174;77;2;51;56;3303
20;Ceilândia;1066;CENTRO DE ENSINO FUNDAMENTAL 11;CEILANDIA SUL;EQNN 24/26;-15,840293;-48,1047481;4616;12;1719;1102;1;0;1;105;1;73;323;19;4;197;171;3716;1289;105;1;1;1915;3;0;1;7;0;165;101;2;75;51;3716
20;Ceilândia;1074;CENTRO DE ENSINO FUNDAMENTAL 18;CEILANDIA SUL;QNP 10 A.E.;-15,8375451;-48,1154926;5732;16;2237;1376;2;0;1;129;2;95;338;17;9;206;234;4646;1665;124;2;1;2370;1;0;0;5;1;217;105;6;59;90;4646
20;Ceilândia;1082;CENTRO DE ENSINO FUNDAMENTAL 33 (ANTIGA E.C. 44);CEILANDIA SUL;QNP 12 A.E.;-15,8398361;-48,1193004;4678;12;1790;1166;3;2;2;95;0;72;285;20;9;182;243;3869;1326;109;3;1;1985;2;0;1;3;0;176;79;5;62;117;3869
20;Ceilândia;1090;CENTRO DE ENSINO ESPECIAL 01;CEILANDIA SUL;EQNP 10/14;-15,8400227;-48,1136867;3652;10;1405;903;2;2;1;70;2;61;190;16;6;150;143;2951;1004;67;0;0;1502;1;0;0;4;0;152;78;3;58;82;2951
20;Ceilândia;1104;CENTRO EDUCACIONAL 06;CEILANDIA SUL;QNP 16  A.E;-15,8443033;-48,1158474;4985;17;2018;1157;3;3;0;125;1;95;303;22;9;196;205;4137;1350;103;0;2;2219;2;0;0;9;0;195;105;3;73;76;4137
20;Ceilândia;1112;ESCOLA CLASSE 43;CEILANDIA SUL;EQNP 14/18;-15,8441984;-48,1104098;4706;13;1912;1237;2;1;1;107;1;69;251;16;6;161;207;3971;1401;79;1;3;2066;1;0;0;5;1;198;84;5;46;81;3971
20;Ceilândia;1120;ESCOLA CLASSE 46;CEILANDIA SUL;EQNP 16/20;-15,8464793;-48,1141087;3270;9;1296;773;2;0;0;82;4;68;240;9;5;122;126;2727;960;51;2;2;1419;4;0;0;3;1;112;74;4;37;58;2727
20;Ceilândia;1139;ESCOLA CLASSE 47;CEILANDIA SUL;EQNP 22/26;-15,8402935;-48,1246072;4871;14;1776;1102;4;0;0;145;2;99;340;25;10;191;229;3923;1385;76;1;0;2007;1;0;0;7;0;161;103;2;77;103;3923
20;Ceilândia;1147;ESCOLA CLASSE 50;CEILANDIA SUL;EQNP 24/28;-15,842547;-48,1279935;4462;12;1720;994;2;2;0;70;1;59;323;19;8;181;199;3578;1276;73;1;1;1840;1;2;0;1;0;141;81;2;70;89;3578
20;Ceilândia;1155;ESCOLA CLASSE 48;CEILANDIA SUL;EQNP 26/30;-15,8446268;-48,121021;3818;14;1530;974;3;1;1;74;2;67;244;13;6;138;165;3218;1158;61;2;0;1627;2;0;0;3;0;161;78;2;52;72;3218
20;Ceilândia;1163;CENTRO DE ENSINO FUNDAMENTAL 14;CEILANDIA SUL;EQNP 28/32;-15,8471556;-48,1246621;5734;15;2063;1486;4;1;1;116;3;116;384;23;10;215;208;4630;1758;114;0;0;2254;0;0;1;4;0;189;115;6;90;99;4630
20;Ceilândia;1171;CENTRO DE ENSINO FUNDAMENTAL 13;CEILANDIA SUL;EQNP 30/34;-15,8312817;-48,1074952;4896;14;1872;1197;3;1;1;80;0;67;337;26;7;174;197;3962;1375;83;0;0;2066;0;1;0;5;3;193;106;5;53;72;3962
20;Ceilândia;1198;CENTRO DE ENSINO FUNDAMENTAL 32 (ANTIGA E.C. 67);CEILANDIA SUL;SHPS - EQ. 500/700 A.E - COND. POR DO SOL;-15,8574678;-48,1240595;1926;5;676;440;3;2;2;33;0;46;134;10;1;73;89;1509;527;52;0;0;779;1;0;1;3;0;46;32;3;30;35;1509
20;Ceilândia;1210;ESCOLA CLASSE JUSCELINO KUBITSCHEK;CEILANDIA SUL;QUADRA 500 ÀREA ESPECIAL 01 TRECHO 01;-15,8332451;-48,1322524;608;2;229;138;4;0;0;10;0;7;46;1;0;25;20;480;196;10;0;0;220;0;0;0;2;0;19;14;1;7;11;480
21;Recanto das Emas;1015;ESCOLA CLASSE 501 DE SAMAMBAIA;SAMAMBAIA;QR 501 CONJUNTO 03 LOTE 01;-15,88567404;-48,08651037;2943;13;1248;603;0;1;0;57;0;64;232;8;6;114;127;2460;708;56;1;1;1400;1;0;0;5;0;128;76;1;37;46;2460
21;Recanto das Emas;1023;CENTRO DE ENSINO FUNDAMENTAL 405 DO RECANTO DAS EMAS;RECANTO DAS EMAS;QD 405 CONJUNTO 15 LOTE 01 AE;-15,9131634;-48,0657769;4677;12;1714;999;2;1;0;63;2;61;316;18;2;187;198;3563;1320;67;0;1;1754;0;1;0;1;0;163;100;1;69;86;3563
21;Recanto das Emas;1031;CENTRO EDUCACIONAL 104 DO RECANTO DAS EMAS;RECANTO DAS EMAS;QUADRA 104 CONJUNTO 08A ÁREA ESPECIAL;-15,900676;-48,0715821;4057;19;1563;941;3;0;0;91;0;63;286;26;8;149;158;3288;1129;88;1;0;1703;2;0;0;6;0;134;100;4;53;68;3288
21;Recanto das Emas;1040;CENTRO DE ENSINO FUNDAMENTAL 306 DO RECANTO DAS EMAS;RECANTO DAS EMAS;QD 306 AVENIDA MONJOLO LOTE 06 AE;-15,91852183;-48,09735479;3619;11;1426;726;3;1;1;76;0;43;247;15;3;151;176;2868;943;53;2;0;1495;3;0;0;5;0;160;76;2;57;72;2868
21;Recanto das Emas;1058;CENTRO DE ENSINO FUNDAMENTAL 115 DO RECANTO DAS EMAS;RECANTO DAS EMAS;QUADRA 115 CONJUNTO 7-C LOTE 1 AREA ESPECIAL;-15,9252243;-48,1077815;3952;15;1541;822;2;1;1;80;0;64;316;25;6;182;182;3222;1051;72;3;0;1660;4;1;0;4;0;177;103;5;59;83;3222
21;Recanto das Emas;1066;ESCOLA CLASSE 317 DE SAMAMBAIA;SAMAMBAIA;QR 317 AREA ESPECIAL 3 LOTE 11;-15,8910432;-48,1109689;1668;13;676;333;0;1;1;36;0;25;106;8;2;77;76;1341;406;22;1;2;743;0;0;0;2;0;78;28;1;24;34;1341
21;Recanto das Emas;1074;CENTRO DE ENSINO FUNDAMENTAL 507 DE SAMAMBAIA;SAMAMBAIA;QR 507 CONJUNTO 07 LOTE 1;-15,8912382;-48,0977587;2580;13;985;519;0;1;0;36;1;47;179;15;5;114;117;2019;646;42;1;0;1078;0;0;0;1;0;116;53;1;37;44;2019
21;Recanto das Emas;1082;CENTRO DE ENSINO FUNDAMENTAL 504 DE SAMAMBAIA;SAMAMBAIA;QN 504 CONJUNTO 09 AREA ESPECIAL 01;-15,88241995;-48,07833757;5840;15;2320;1183;3;2;1;146;1;84;489;27;7;227;237;4727;1417;120;0;1;2668;3;0;0;4;0;235;111;3;75;90;4727
21;Recanto das Emas;1090;ESCOLA CLASSE 803 DO RECANTO DAS EMAS;RECANTO DAS EMAS;QD 803 RECANTO DAS EMAS;-15,9231984;-48,0543789;5863;20;2241;1298;0;1;1;117;3;98;387;34;8;207;284;4679;1722;78;2;0;2323;1;0;0;5;0;255;92;10;76;115;4679
21;Recanto das Emas;1104;CENTRO EDUCACIONAL 308 DO RECANTO DAS EMAS;RECANTO DAS EMAS;QD 308 AE 1 CONJUNTO 12;-15,9236699;-48,10091346;4412;13;1720;888;9;3;0;102;2;114;309;18;9;219;163;3556;1183;106;2;0;1775;3;0;0;5;0;234;105;9;77;57;3556
21;Recanto das Emas;1112;CENTRO DE ENSINO MÉDIO 111 DO RECANTO DAS EMAS;RECANTO DAS EMAS;QD 111 AE 1;-15,9124563;-48,0986678;5411;15;2164;1129;3;4;2;120;1;72;379;23;9;237;240;4383;1389;92;0;1;2326;3;0;2;4;1;235;139;10;88;93;4383
21;Recanto das Emas;1120;ESCOLA CLASSE 102  DO RECANTO DAS EMAS;RECANTO DAS EMAS;QD 102 CONJ 03 A LOTE 01;-15,9018223;-48,0612834;3051;8;1230;699;2;2;0;58;0;63;222;7;5;105;117;2510;822;51;1;2;1313;1;0;0;7;0;140;78;3;40;52;2510
21;Recanto das Emas;1139;ESCOLA CLASSE 510 DO RECANTO DAS EMAS / CENTRO DE ENSINO FUNDAMENT 511;RECANTO DAS EMAS;QUADRA 511, CONJUNTO 11, EPC 2;-15,93296452;-48,10633172;4145;12;1517;842;1;0;0;91;1;73;310;13;5;148;187;3188;1221;78;1;2;1515;5;0;0;4;0;141;84;1;55;81;3188
21;Recanto das Emas;1147;CENTRO DE ENSINO FUNDAMENTAL 301 DO RECANTO DAS EMAS;RECANTO DAS EMAS;QD 301 AE;-15,90874585;-48,08494867;5532;15;2183;1156;3;0;2;114;2;90;413;15;6;240;233;4457;1479;104;0;0;2319;0;0;3;6;0;214;137;6;88;101;4457
21;Recanto das Emas;1155;ESCOLA CLASSE 401 DO RECANTO DAS EMAS;RECANTO DAS EMAS;QD 401 AE CONJUNTO 08 LT 01;-15,908925;-48,056363;4958;14;1973;1079;2;1;2;99;3;61;362;32;12;208;195;4029;1373;93;0;0;2119;0;0;0;8;0;183;88;10;70;85;4029
21;Recanto das Emas;1163;ESCOLA CLASSE 510 DE SAMAMBAIA;SAMAMBAIA;QN 510 CONJUNTO 07 LOTE 1 AE;-15,88044442;-48,07166951;2831;11;1121;622;5;0;1;72;2;43;218;10;2;119;116;2331;794;70;0;0;1254;0;0;2;4;0;130;63;2;39;42;2400
21;Recanto das Emas;1171;CENTRO DE ENSINO FUNDAMENTAL 101 DO RECANTO DAS EMAS;RECANTO DAS EMAS;QD. 101 CONJ. 10B LOTES 1/2 RECANTO DAS EMAS;-15,9006092;-48,0576274;5431;14;2078;1179;2;0;0;123;2;82;346;23;11;179;221;4246;1477;109;3;1;2208;2;0;1;2;1;205;95;4;62;76;4246
21;Recanto das Emas;1180;CENTRO DE ENSINO FUNDAMENTAL 106 DO RECANTO DAS EMAS;RECANTO DAS EMAS;QD 106 - ÁREA ESPECIAL;-15,9055142;-48,0818919;5395;14;2158;1163;10;0;0;128;3;79;380;29;12;164;229;4355;1475;68;2;1;2285;3;0;0;4;0;236;114;2;63;102;4355
21;Recanto das Emas;1198;CENTRO DE ENSINO FUNDAMENTAL 519 DE SAMAMBAIA;SAMAMBAIA;QR 519 AREA ESPECIAL 1 SAMAMBAIA SUL;-15,8969332;-48,1151229;2227;6;904;416;3;0;0;48;0;48;151;7;2;97;105;1781;549;52;1;0;968;1;0;0;3;1;83;50;0;36;37;1781
21;Recanto das Emas;1201;ESCOLA CLASSE 512 DE SAMAMBAIA;SAMAMBAIA;QN 512 CONJUNTO 06 AE;-15,87883973;-48,06862749;5205;14;2127;1064;3;2;2;111;1;65;370;12;6;200;241;4204;1301;84;0;2;2319;4;0;3;2;0;218;100;5;69;97;4204
21;Recanto das Emas;1210;CENTRO DE ENSINO MÉDIO 804 DO RECANTO DAS EMAS;RECANTO DAS EMAS;QD 804 ÁREA ESPECIAL 01;-15,9203784;-48,0581213;7733;20;2830;1696;4;0;1;162;3;122;538;48;17;315;329;6065;2174;156;4;0;3012;1;0;2;6;2;313;162;9;105;119;6065
21;Recanto das Emas;1228;CENTRO DE ENSINO FUNDAMENTAL 206 DO RECANTO DAS EMAS;RECANTO DAS EMAS;QD 206 CONJUNTO 02 LOTE 02;-15,9057751;-48,0689622;5453;16;2051;1164;4;1;0;110;1;81;360;21;10;207;218;4228;1442;110;0;0;2199;0;0;0;5;0;196;106;7;70;93;4228
21;Recanto das Emas;1244;ESCOLA CLASSE 511 DE SAMAMBAIA;SAMAMBAIA;QR 511 AREA ESPECIAL 02 SAMAMBAIA-DF;-15,890356;-48,1027866;2991;9;1193;599;2;0;0;56;2;50;198;16;4;117;153;2390;754;47;1;0;1306;0;2;1;4;0;111;64;3;38;59;2390
21;Recanto das Emas;1252;ESCOLA CLASSE 404 DO RECANTO DAS EMAS;RECANTO DAS EMAS;QD 404 CONJUNTO 09 LOTE 01;-15,9128532;-48,0613392;3970;12;1575;812;3;3;0;91;4;61;255;18;7;169;164;3162;1049;82;4;0;1646;0;0;0;8;1;142;102;2;52;74;3162
21;Recanto das Emas;1260;CENTRO DE ENSINO FUNDAMENTAL 113 DO RECANTO DAS EMAS;RECANTO DAS EMAS;QD. 113 CONJ 8-A LOTE 01 AE;-15,9184215;-48,1025673;3461;9;1239;785;4;1;1;72;3;43;236;13;6;150;135;2688;964;85;0;1;1319;2;0;0;0;0;134;85;4;46;48;2688
21;Recanto das Emas;1287;CENTRO DE ENSINO FUNDAMENTAL 602 DO RECANTO DAS EMAS;RECANTO DAS EMAS;QUADRA 602 CONJUNTO 01 LOTE 01;-15,9155465;-48,0542602;1613;5;520;365;0;0;1;21;0;26;89;6;5;90;63;1186;440;52;2;0;538;0;0;0;1;1;51;36;3;34;28;1186
21;Recanto das Emas;1295;CENTRO DE ENSINO FUNDAMENTAL 801 DO RECANTO DAS EMAS;RECANTO DAS EMAS;QUADRA 801 ÁREA ESPECIAL CONJUNTO 01;-15,9188007;-48,0521555;2006;6;716;467;5;1;2;51;2;40;115;4;7;110;69;1589;546;67;0;2;780;0;0;0;1;0;71;59;2;23;38;1589
21;Recanto das Emas;1309;ESCOLA CLASSE 203 / REGIONAL DE ENSINO - RECANTO DAS EMAS;RECANTO DAS EMAS;QUADRA 203, LOTE 32;-15,9045978;-48,0648272;3006;10;1126;684;3;0;0;98;0;55;176;15;4;106;114;2381;908;49;0;1;1302;2;0;0;4;1;107;71;5;31;61;2542
21;Recanto das Emas;1317;UNIRE - UNIDADE DE INTERNAÇÃO DO RECANTO DAS EMAS;RECANTO DAS EMAS;ESTRADA CONTORNO TAGUATINGA/GAMA KM 03 - GRANJA DAS OLIVEIRAS;-15,8932152;-48,0608895;76;1;23;33;0;0;0;0;0;1;2;0;0;3;4;66;54;0;0;0;5;0;0;0;0;0;2;1;0;1;3;66
